Workbook

Sheet XXXXXX
A1: ITEM | B1: SEDE | C1: AREA | D1: SUB AREA | E1: TRABAJADOR | F1: USUARIO | G1: NOMBRE PC | H1: IP | I1: TIPO | J1: MARCA | K1: PROCESADOR | L1: RAM | M1: DISCO | N1: T. VIDEO | O1: MONITOR | P1: TECLADO | Q1: MOUSE | R1: ESTABILIZADOR
A2: 1 | B2: 177 | C2: LOGISTICA | D2: Distribucción | E2: MAX CONDORI | F2: mcondori | G2: PC-COORDINADOR2 | I2: COMPUTADORA | J2: COMPATIBLE | K2: I5-11400 | L2: 16 GB | M2: 512 GB | O2: 20" | P2: SI | Q2: SI | R2: SI
A3: 2 | B3: 177 | C3: LOGISTICA | D3: Producción | E3: BRAIN DE LA CRUZ | F3: bdelacruz | G3: PC-DIGITACION3 | I3: COMPUTADORA | J3: COMPATIBLE | K3: I5-11400 | L3: 16 GB | M3: 512 GB | O3: 24" | P3: SI | Q3: LOGITECH K120 2252MR060BD8 | R3: SI
A4: 3 | B4: 177 | E4: BELEN CABELLO | F4: bcabello | G4: PC-IMPORTACION3 | I4: COMPUTADORA | J4: COMPATIBLE | K4: A12-9800E | L4: 8 GB | M4: 240 GB | O4: 24" | P4: SI | Q4: SI | R4: SI
A5: 4 | B5: 177 | C5: Facturación | E5: FRANK CULQUICONDOR | F5: fculquicondor | G5: PC-DIGITACION4 | I5: COMPUTADORA | J5: COMPATIBLE | K5: I5-11400 | L5: 16 GB | M5: 512 GB | O5: 24" | P5: SI | Q5: LOGITECH K120 2252MR060BF8 | R5: SI
A6: 5 | B6: 177 | C6: LOGISTICA | D6: Digitación | E6: Juan Carlos Llico Rudas | F6: digitacion | G6: LAP-CONTADOR6 | I6: LAPTOP | J6: DELL Inspiron 15 | K6: I5-1235U | L6: 8 GB | M6: NVME 2400A NVME Micron 512GB | O6: 15.6" | P6: SI | Q6: No | R6: SI
A7: 6 | B7: 177 | C7: CALIDAD | D7: CALIDAD | E7: VANESSA LOPEZ | F7: vlopez | G7: PC-CALIDAD2 | I7: COMPUTADORA | J7: COMPATIBLE | K7: I7-11700 | L7: 16 GB | M7: 512 GB | O7: 22" | P7: SI | Q7: SI | R7: SI
A8: 7 | B8: 177 | C8: CALIDAD | D8: CALIDAD | E8: MARIA ALEJANDRA MORAN | F8: mmoran | G8: PC-DESARROLLO1 | I8: COMPUTADORA | J8: COMPATIBLE | K8: I5-51400F | L8: 8 GB | M8: 240 GB | O8: 22" | P8: SI | Q8: LOGITECH K120 2021SC302T08 | R8: SI
A9: 8 | B9: 177 | C9: LOGISTICA | D9: DESPACHO | G9: LAP-SOPORTE | I9: LAPTOP | J9: Lenovo thinkpad 20J9S04A00 | K9: I7-7500U | L9: 16 GB drr4 2400mhz | M9: WD 2.5 240GB green | O9: 15.6" | P9: SI | Q9: SI | R9: SI
A10: 9 | B10: 177 | C10: Producción | D10: Producción | E10: JOSE RUA | F10: jrua | G10: PC-DESARROLLO2 | I10: COMPUTADORA | J10: COMPATIBLE | K10: INTEL PENTIUM G2010 | L10: 4 GB | M10: 240 GB | O10: 22" | P10: SI | Q10: LOGITECH K120 2244MR05B958 | R10: SI
A11: 10 | B11: 177 | C11: LOGISTICA | D11: DISTRIBUCION | E11: ALEX PAZ | F11: apaz | G11: PC-DISTRIBUCION | I11: COMPUTADORA | J11: COMPATIBLE | K11: I5-3330 | L11: 6 GB | M11: 240 GB | O11: 24" | P11: SI | Q11: SI | R11: SI
A12: 11 | B12: 177 | C12: LOGISTICA | D12: ALMACEN | E12: MURILLO | G12: LAP-GERENCIA1 | I12: LAPTOP | K12: I5-1235U | L12: 8 GB | M12: 512 GB | O12: 15.6" | P12: SI | Q12: SI | R12: SI
A13: 12 | B13: 177 | C13: LOGISTICA | D13: ALMACEN | E13: RICHARD SAPANA | F13: rsapana | G13: PC-MARKETING2 | I13: COMPUTADORA | J13: COMPATIBLE | K13: I5-11400F | L13: 16 GB | M13: 512 GB | O13: 22" | P13: SI | Q13: SI | R13: SI
A14: 13 | B14: 200 | C14: GGHH | D14: GGHH | E14: SANDRA YSLA | F14: sysla | G14: PC-GGHH | H14: 10.10.3.11 | I14: COMPUTADORA | J14: COMPATIBLE | K14: I5-11400F | L14: 8 GB | M14: 240 GB | O14: 22" | P14: SI | Q14: SI | R14: SI
A15: 14 | B15: 200 | C15: GGHH | D15: GGHH | E15: ERIC ORE | F15: eore | G15: LAP-RRHH | H15: 10.10.3.12 | I15: LAPTOP | J15: Lenovo IPEAD S145IIL | K15: I3-1005G1 | L15: 8GB 2400MHZ DDR4 | M15: SSD GIGABYTE GP-GSTFST31240GNTD | O15: 22" | P15: SI | Q15: SI | R15: no
A16: 15 | B16: 200 | C16: GGHH | D16: GGHH | E16: TASHINA MEJIA | F16: tmejia | G16: PC-RRHH | H16: 10.10.3.13 | I16: COMPUTADORA | J16: COMPATIBLE | K16: I5-4400 | L16: 8 GB | M16: 240 GB | O16: 19" | P16: SI | Q16: SI | R16: SI
A17: 16 | B17: 200 | C17: GGHH | D17: SSOMA | E17: KEVIN GUILLEN | F17: kguillen | G17: PC-SSOMA | H17: 10.10.3.14 | I17: COMPUTADORA | J17: COMPATIBLE | K17: I3-4170 | L17: 8 GB | M17: 240 GB | O17: 19" | P17: SI | Q17: GENIUS KB115 X1D21043404094 | R17: SI
A18: 17 | B18: 200 | C18: SUBGERENCIA | D18: SUBGERENCIA | E18: ENRIQUE DAMACEN | G18: LAP-SUBGERENTE | H18: 10.10.3.15 | I18: LAPTOP | K18: I7-1360P | L18: 16 GB | M18: 1 TB | O18: 16" | P18: SI | Q18: SI | R18: SI
A19: 18 | B19: 200 | C19: SUPERVISION | D19: SUPERVISION | E19: VICTOR ORTIZ | F19: vortiz | G19: PC-FINANZAS | H19: 10.10.3.16 | I19: COMPUTADORA | J19: COMPATIBLE | K19: I5-1400F | L19: 8 GB | M19: 512 GB | O19: 22" | P19: SI | Q19: SI | R19: SI
A20: 19 | B20: 200 | C20: CONTABILIDAD | D20: CONTABILIDAD | E20: MIJAIL VILLAVERDE | F20: mvillaverde | G20: PC-CONTA1 | H20: 10.10.3.17 | I20: COMPUTADORA | J20: COMPATIBLE | K20: I5-11400 | L20: 8 GB | M20: 240 GB | O20: 22" | P20: SI | Q20: SI | R20: SI
A21: 20 | B21: 200 | C21: CONTABILIDAD | D21: CONTABILIDAD | E21: VALERY SANCHEZ | F21: msanchez | G21: PC-CONTA2 | H21: 10.10.3.18 | I21: COMPUTADORA | J21: COMPATIBLE | K21: I3-4160 | L21: 4 GB | M21: 240 GB | O21: 22" | P21: SI | Q21: SI | R21: SI
A22: 21 | B22: 200 | C22: CONTABILIDAD | D22: CONTABILIDAD | E22: CESAR MONTALVO | F22: cmontalvo | G22: PC-CONTA5 | H22: 10.10.3.19 | I22: COMPUTADORA | J22: COMPATIBLE | K22: A12-9800E | L22: 8 GB | M22: 240 GB | O22: 24" | P22: SI | Q22: SI | R22: SI
A23: 22 | B23: 200 | C23: IMPORTACIONES | D23: IMPORTACIONES | E23: Emily Dianira Montoya Palma | F23: emontoya | G23: LAP-DAMACENG | H23: 10.10.3.21 | I23: LAPTOP | J23: LENOVO THINKPAD L15 GEN 1 | K23: I5-1021U | L23: 16GB 3200MHZ DDR4 | M23: 240 GB SSD sata | O23: 15.6" | P23: SI | Q23: SI | R23: SI
A24: 23 | B24: 200 | C24: LOGISTICA | D24: IMPORTACIONES | E24: EMILY MONTOYA | F24: emontoya | G24: PC-IMPORT1 | H24: 10.10.3.22 | I24: COMPUTADORA | J24: COMPATIBLE | K24: I5-6400 | L24: 8 GB | M24: 240 GB | O24: 22" | P24: SI | Q24: SI | R24: SI
A25: 24 | B25: 200 | C25: LOGISTICA | D25: IMPORTACIONES | E25: PAULO ROJAS | F25: projas | G25: LAP-PLANNER | H25: 10.10.3.23 | I25: LAPTOP | J25: Laptop Asus Vivobook | K25: I7-12700 | L25: 16GB 3200MHZ DRR4 | M25: NVME M.2 MTFDKBK512QFM 512GB | O25: 16" | P25: SI | Q25: SI | R25: SI
A26: 25 | B26: 200 | C26: LOGISTICA | D26: IMPORTACIONES | E26: LUIS PARE | F26: lpare | G26: PC-FACTURACION4 | H26: 10.10.3.24 | I26: COMPUTADORA | J26: COMPATIBLE | K26: I5-11400 | L26: 16 GB | M26: 240 GB | O26: 22" | P26: SI | Q26: SI | R26: SI
A27: 26 | B27: 200 | C27: LOGISTICA | D27: ALMACEN | E27: VICTOR HUAMAN | F27: vhuaman | G27: DESKTOP-007M481 | H27: 10.10.3.25 | I27: LAPTOP | K27: I3-2330M | L27: 8 GB | M27: 512 GB | O27: 14" | P27: SI | Q27: SI | R27: SI
A28: 27 | B28: 200 | C28: FINANZAS | D28: TESORERIA | E28: KRISTELL QUISPE | F28: kquispe | G28: PC-CONTA3 | H28: 10.10.3.26 | I28: COMPUTADORA | J28: COMPATIBLE | K28: I3-7100 | L28: 8 GB | M28: 240 GB | O28: 22" | P28: SI | Q28: SI | R28: SI
A29: 28 | B29: 200 | C29: FINANZAS | D29: TESORERIA | E29: ANTHONY MENDOZA | F29: amendoza | G29: PC-CONTA6 | H29: 10.10.3.27 | I29: COMPUTADORA | J29: COMPATIBLE | K29: A12-9800E | L29: 8 GB | M29: 240 GB | O29: 22" | P29: SI | Q29: SI | R29: SI
A30: 29 | B30: 200 | C30: FINANZAS | D30: COBRANZAS | E30: PEDRO ESPEJO | F30: aespejo | G30: PC-COBRANZA1 | H30: 10.10.3.28 | I30: COMPUTADORA | J30: COMPATIBLE | K30: A12-9800E | L30: 8 GB | M30: 240 GB | O30: 24" | P30: SI | Q30: SI | R30: SI
A31: 30 | B31: 200 | C31: FINANZAS | D31: COBRANZAS | E31: WILMER AMASIFUEN | F31: wamasifuen | G31: PC-COBRANZA2 | H31: 10.10.3.29 | I31: COMPUTADORA | J31: COMPATIBLE | K31: I3-4170 | L31: 8 GB | M31: 240 GB | O31: 22" | P31: SI | Q31: SI | R31: SI
A32: 31 | B32: 200 | C32: FINANZAS | D32: COBRANZAS | E32: MARIA LUISA LUYO | F32: mluyo | G32: PC-COBRANZA3 | H32: 10.10.3.31 | I32: COMPUTADORA | J32: COMPATIBLE | K32: I3-2120 | L32: 4 GB | M32: 240 GB | O32: 22" | P32: SI | Q32: SI | R32: SI
A33: 32 | B33: 200 | C33: FINANZAS | D33: COBRANZAS | E33: MIRKO PARI | F33: mpari | G33: PC-VENTAS1 | H33: 10.10.3.32 | I33: COMPUTADORA | J33: COMPATIBLE | K33: I5-4170 | L33: 8 GB | M33: 240 GB | O33: 24" | P33: SI | Q33: SI | R33: SI
A34: 33 | B34: 200 | C34: SISTEMAS | D34: SISTEMAS | E34: EDWYN MONTORO | F34: emontoro | G34: PC-SISTEMAS1 | H34: 10.10.3.33 | I34: COMPUTADORA | J34: COMPATIBLE | K34: I7-11200 | L34: 16 GB | M34: 512 GB | O34: 24" | P34: SI | Q34: SI | R34: SI
A35: 34 | B35: 200 | C35: SISTEMAS | D35: SISTEMAS | E35: JOSEMI VASQUEZ | G35: PC-FACTURACION3 | H35: 10.10.3.34 | I35: COMPUTADORA | J35: COMPATIBLE | K35: I5-11400 | L35: 16 GB | M35: 512 GB | O35: 19" | P35: SI | Q35: SI | R35: SI
A36: 35 | B36: 200 | C36: SISTEMAS | D36: SISTEMAS | E36: JUAN NIMA | F36: jnima | G36: DESKTOP-OFKJ2SJ | H36: 10.10.3.35 | I36: LAPTOP | J36: DELL | K36: I7-1360P | L36: 16 GB | M36: 1 TB | O36: 24" | P36: SI | Q36: SI | R36: NO
A37: 36 | B37: 200 | C37: CALIDAD | D37: CALIDAD | E37: DEYSI VANNESA LOPEZ MORAN | F37: dlopez | G37: LAP-GERENCIA2 | H37: 10.10.3.36 | I37: LAPTOP | J37: DELL INSPIRON 15 | K37: I7-1255U | L37: 16GB DRR4 3200MHZ | M37: Nvme BG6KIOXIA 1024GB | O37: 15.6" | P37: SI | Q37: SI | R37: SI
A38: 37 | B38: 200 | C38: DESARROLLO | D38: DESARROLLO | E38: DIK SALDAÑA | F38: dsaldaña | G38: PC-DESARROLLO | H38: 10.10.3.37 | I38: COMPUTADORA | J38: COMPATIBLE | K38: I7-11700 | L38: 16 GB | M38: 512 GB | O38: 24" | P38: SI | Q38: LOGITECH K120 2232MR046B88 | R38: SI
A39: 38 | B39: 200 | C39: DESARROLLO | D39: DESARROLLO | E39: GUSTAVO SILVA | F39: gsilva | G39: PC-ALMACEN3 | H39: 10.10.3.38 | I39: COMPUTADORA | J39: COMPATIBLE | K39: I5-11400 | L39: 8 GB | M39: 240 GB | O39: 22" | P39: SI | Q39: LOGITECH K120 2021SC302SZ8 | R39: SI
A40: 39 | B40: 200 | C40: COMERCIAL | D40: VENTAS | E40: MARIELA CASTAÑEDA | F40: mcastañeda | G40: LAP-GCOMERCIAL | H40: 10.10.3.39 | I40: LAPTOP | J40: ASUS | K40: I7-12700 | L40: 16 GB | M40: 512 GB | O40: 16" | P40: SI | Q40: SI | R40: SI
A41: 40 | B41: 200 | C41: COMERCIAL | D41: VENTAS | E41: WALTER VASQUEZ | F41: wvasquez | G41: PC-PROVINCIA2 | H41: 10.10.3.41 | I41: COMPUTADORA | J41: COMPATIBLE | K41: I5-10400F | L41: 8 GB | M41: 512 GB | O41: 24" | P41: SI | Q41: SI | R41: SI
A42: 41 | B42: 200 | C42: COMERCIAL | D42: VENTAS | E42: ROSELYN MORANTE | F42: rmorante | G42: PC-VENTAS2 | H42: 10.10.3.42 | I42: COMPUTADORA | J42: COMPATIBLE | K42: I5-6400 | L42: 8 GB | M42: 240 GB | O42: 24" | P42: SI | Q42: SI | R42: SI
A43: 42 | B43: 200 | C43: COMERCIAL | D43: VENTAS | E43: LESLY QUISPE | F43: lquispe | G43: PC-VENTAS3 | H43: 10.10.3.43 | I43: COMPUTADORA | J43: COMPATIBLE | K43: I7-11700 | L43: 16 GB | M43: 512 GB | O43: 24" | P43: SI | Q43: SI | R43: SI
A44: 43 | B44: 200 | C44: COMERCIAL | D44: VENTAS | E44: JORGE RIOS | F44: jrios | G44: PC-CAMPO7 | H44: 10.10.3.44 | I44: COMPUTADORA | J44: COMPATIBLE | K44: A12-9800E | L44: 8 GB | M44: 240 GB | O44: 19" | P44: SI | Q44: SI | R44: SI
A45: 44 | B45: 200 | C45: COMERCIAL | D45: VENTAS | E45: JEFFERSON PAZ | F45: jpaz | G45: PC-ALMACEN1 | H45: 10.10.3.45 | I45: COMPUTADORA | J45: COMPATIBLE | K45: I3-7100 | L45: 8 GB | M45: 240 GB | O45: 24" | P45: SI | Q45: SI | R45: SI
A46: 45 | B46: 200 | C46: COMERCIAL | D46: VENTAS | E46: RICARDO ROJAS | F46: rrojas | G46: PC-DIGITACION1 | H46: 10.10.3.46 | I46: COMPUTADORA | J46: COMPATIBLE | K46: I5-3330 | L46: 4 GB | M46: 240 GB | O46: 19" | P46: SI | Q46: SI | R46: SI
A47: 46 | B47: 200 | C47: COMERCIAL | D47: VENTAS | E47: JUDITZA GONZALES | F47: jgonzales | G47: PC-MAYORISTA2 | H47: 10.10.3.47 | I47: NUC | J47: NUC | K47: I3-7100U | L47: 8 GB | M47: 240 GB | O47: 22" | P47: SI | Q47: SI | R47: SI
A48: 47 | B48: 200 | C48: COMERCIAL | D48: VENTAS | E48: JOHN RASHTA | F48: jrashta | G48: PC-DIGITACION2 | H48: 10.10.3.48 | I48: COMPUTADORA | J48: COMPATIBLE | K48: I5-3330 | L48: 4 GB | M48: 240 GB | O48: 24" | P48: SI | Q48: SI | R48: SI
A49: 48 | B49: 200 | C49: COMERCIAL | D49: VENTAS | E49: CARLO ALVA | G49: PC-SISTEMAS2 | H49: 10.10.3.49 | I49: COMPUTADORA | J49: COMPATIBLE | K49: I7-11200 | L49: 16 GB | M49: 512 GB | O49: 24" | P49: SI | Q49: SI | R49: SI
A50: 49 | B50: 200 | C50: COMERCIAL | D50: VENTAS | E50: VIRGILIO GUTIERREZ | F50: vgutierrez | G50: PC-PROVINCIAS | H50: 10.10.3.51 | I50: NUC | J50: NUC | K50: I3-7100U | L50: 8 GB | M50: 240 GB | O50: 22" | P50: SI | Q50: SI | R50: SI
A51: 50 | B51: 200 | C51: COMERCIAL | D51: MARKETING | E51: OMAR YARLEQUE | F51: oyarleque | G51: PC-MARKETING | H51: 10.10.3.52 | I51: COMPUTADORA | J51: COMPATIBLE | K51: I7-11700 | L51: 16 GB | M51: 512 GB | O51: 24" | P51: SI | Q51: SI | R51: SI
A52: 51 | B52: 200 | C52: COMERCIAL | D52: VENTAS | E52: JORGE RIOS | F52: jrios | G52: LAP-VENTAS1 | H52: 10.10.3.53 | I52: LAPTOP | J52: Laptop ipead s340-15iwl | K52: I5-8265U | L52: 12 GB 2400Mhz drr4 | M52: Kingston SA400S37240G 240GB | O52: 14" | P52: SI | Q52: SI | R52: SI
A53: 52 | B53: 200 | C53: ADMINISTRACION | D53: ADMINISTRACION | I53: COMPUTADORA

Sheet INVENTARIO CONSOLIDADO
A1: ITEM | B1: SEDE | C1: AREA | D1: SUB AREA | E1: TRABAJADOR | F1: USUARIO | G1: NOMBRE PC | H1: IP | I1: TIPO | J1: MARCA | K1: PLACA MADRE | L1: PROCESADOR | M1: GEN | N1: DESCPROCESADOR | O1: RAM | P1: DISCO | Q1: DESCDISCO | R1: T. VIDEO | S1: MONITOR | T1: TECLADO | U1: MOUSE | V1: ESTABILIZADOR | W1: Observaciones
A2: 22 | B2: 200 | C2: IMPORTACIONES | D2: IMPORTACIONES | E2: Emily Dianira Montoya Palma | F2: emontoya | G2: LAP-DAMACENG | H2: 10.10.3.21 | I2: LAPTOP | J2: LENOVO THINKPAD L15 GEN 1 | K2: Laptop L15 GEN 1 | L2: I5 | M2: 10 | N2: I5-1021U | O2: 16GB 3200MHZ DDR4 | P2: SATA 240GB | Q2: 240 GB SSD sata | S2: 15.6" | T2: SI | U2: SI | V2: Forza FVR 902
A3: 24 | B3: 200 | C3: LOGISTICA | D3: IMPORTACIONES | E3: PAULO ROJAS | F3: projas | G3: LAP-PLANNER | H3: 10.10.3.23 | I3: LAPTOP | J3: Laptop Asus Vivobook | K3: Laptop Asus Vivobook | L3: I7 | M3: 12 | N3: I7-12700 | O3: 16GB 3200MHZ DRR4 | P3: M.2 | Q3: NVME M.2 MTFDKBK512QFM 512GB | S3: 16" | T3: SI | U3: SI | V3: Forza FVR 903
B4: 177 | C4: COMERCIAL | D4: VENTAS | E4: JORGE RIOS | F4: jrios | G4: LAP-VENTAS | I4: LAPTOP | J4: Laptop ipead s340-15iwl | K4: Laptop ipead s340-15iwl | L4: I5 | M4: 8 | N4: I5-8265U | O4: 12 GB 2400Mhz DDR4 | Q4: Kingston SA400S37240G 240GB | R4: INTEGRADA | S4: 15.6" | T4: SI | U4: No | V4: PLI 1100 USB
B5: 177 | C5: COMERCIAL | D5: VENTAS | E5: Juan Pablo Quiroz Auqui | F5: jquiroz | G5: LAP-FINANZAS | I5: LAPTOP | J5: DELL Inspiron 15 | K5: LAPTOP DELL INSPIRION15 3520 | L5: I7 | M5: 12 | N5: I7-1255U | O5: 16GB DRR4 3200MHZ | Q5: NVME BG6 KIOXIA 1024GB | R5: INTEGRADA | S5: 15.6" | T5: SI | U5: No | V5: SI
A6: 5 | B6: 177 | C6: GGHH | D6: GGHH | E6: ERIC ORE | F6: eore | G6: LAP-RRHH | I6: LAPTOP | J6: Lenovo IPEAD S145IIL | K6: Lenovo IPEAD S145IIL | L6: I3 | M6: 10 | N6: I3-1005G1 | O6: 8GB 2400MHZ DDR4 | Q6: SSD GIGABYTE GP-GSTFST31240GNTD 240GB | R6: INTEGRADA | S6: 15.6" | T6: SI | U6: No | V6: SI
A7: 5 | B7: 177 | C7: LOGISTICA | D7: Digitación | E7: Juan Carlos Llico Rudas | F7: digitacion | G7: LAP-CONTADOR6 | I7: LAPTOP | J7: DELL Inspiron 15 | K7: DELL Inspiron 15 | L7: I5 | M7: 12 | N7: I5-1235U | O7: 8GB 3200mhz DDR4 | Q7: NVME 2400A NVME Micron 512GB | R7: INTEGRADA | S7: 15.6" | T7: SI | U7: No | V7: SI
A8: 8 | B8: 177 | C8: LOGISTICA | D8: DESPACHO | G8: LAP-SOPORTE | I8: LAPTOP | J8: Lenovo thinkpad 20J9S04A00 | K8: Lenovo thinkpad 20J9S04A00 | L8: I7 | M8: 7 | N8: I7-7500U | O8: 16 GB drr4 2400mhz | Q8: WD 2.5 240GB green | R8: INTEGRADA | S8: 15.6" | T8: SI | U8: SI | V8: SI
A9: 36 | B9: 200 | C9: CALIDAD | D9: CALIDAD | E9: DEYSI VANNESA LOPEZ MORAN | F9: dlopez | G9: LAP-GERENCIA2 | H9: 10.10.3.36 | I9: LAPTOP | J9: DELL INSPIRON 15 | K9: DELL INSPIRON 15 | L9: I7 | M9: 12 | N9: I7-1255U | O9: 16GB DRR4 3200MHZ | Q9: Nvme BG6KIOXIA 1024GB | R9: INTEGRADA | S9: 15.6" | T9: SI | U9: SI | V9: SI
A10: 26 | B10: 200 | C10: LOGISTICA | D10: ALMACEN | E10: VICTOR HUAMAN | F10: vhuaman | G10: DESKTOP-007M481 | H10: 10.10.3.25 | I10: LAPTOP | J10: HP PAVILLION G SERIES | K10: HP PAVILLION G SERIES | L10: I3 | M10: 2 | N10: I3-2330M | O10: 4 GB DDR3 1600MHZ | Q10: 512 GB ssd sata | R10: INTEGRADA | S10: 14" | T10: SI | U10: SI | V10: SI
A11: 51 | B11: 200 | C11: COMERCIAL | D11: VENTAS | E11: JORGE RIOS | F11: jrios | G11: LAP-VENTAS1 | H11: 10.10.3.53 | I11: LAPTOP | J11: Laptop ipead s340-15iwl | K11: Laptop ipead s340-15iwl | L11: I5 | M11: 8 | N11: I5-8265U | O11: 12 GB 2400Mhz drr4 | Q11: Kingston SA400S37240G 240GB | R11: INTEGRADA | S11: 14" | T11: SI | U11: SI | V11: SI
A12: 35 | B12: 200 | C12: SISTEMAS | D12: SISTEMAS | E12: DOMINICK ORTIZ | F12: dortiz | G12: DESKTOP-OFKJ2SJ | H12: 10.10.3.35 | I12: LAPTOP | J12: DELL INSPIRON 16 2-IN-1 | K12: DELL INSPIRON 16 2-IN-1 | L12: I7 | M12: 13 | N12: I7-1360P | O12: 16 GB drr4 3200MHZ | Q12: NVME BG6 KIOXIA 1024GB | R12: INTEGRADA | S12: 15.6" | T12: SI | U12: SI | V12: NO
A13: 25 | B13: 200 | C13: LOGISTICA | D13: IMPORTACIONES | E13: Luis Pare | F13: Lpare | G13: PC-FACTURACION4 | H13: 10.10.3.24 | I13: COMPUTADORA | J13: COMPATIBLE | K13: B560M gigabyte | L13: I3 | M13: 7 | N13: I3-7100U | O13: 16GB 3200mhz drr4 | Q13: WD 2.5 ssd sata 240GB | S13: Samsung S24R35AFHN 24" | T13: SI | U13: SI | V13: forza fvr 902 | W13: Teclado desgastado, mouse desgastado, pc mantenimiento suciedad en todo el case
A14: 31 | B14: 200 | C14: FINANZAS | D14: COBRANZAS | E14: Luisa Luyo | F14: mluyo | G14: PC-COBRANZA3 | H14: 10.10.3.31 | I14: COMPUTADORA | J14: COMPATIBLE | K14: H61M-DS2 Gigabyte | L14: I7 | M14: 4 | N14: I7-4790 | O14: 4GB 1333mhz drr3 | Q14: WD 2.5 240GB | S14: Samsung S22F350FHL 22" | T14: SI | U14: SI | V14: Estabilizador forza fvr 902 | W14: Lentitud de pc por componentes antiguos cambio de pc, Teclado las teclas no se ven.
B15: 200 | C15: COMERCIAL | D15: VENTAS | E15: Nataly Cruz | F15: ncruz | G15: PC-TDA3 | I15: COMPUTADORA | J15: COMPATIBLE | K15: H110M-H Gigabyte | L15: I3 | M15: 7 | N15: I3-7100 | O15: 8GB 2400 MHZ DRR4 | Q15: WD 2.5 240GB | S15: Samsung S22FJ350FHL | T15: SI | U15: SI | V15: Estabilizador FVR 1202USB | W15: PC con polvo futuro mantenimiento
A16: 27 | B16: 200 | C16: FINANZAS | D16: TESORERIA | E16: Kristell Quispe | F16: kquispe | G16: PC-CONTA3 | H16: 10.10.3.26 | I16: COMPUTADORA | J16: COMPATIBLE | K16: Asus prime H110M-P | L16: I3 | M16: 7 | N16: I3-7100U | O16: 8GB 3200MHZ DRR4 2 módulos de 4 | Q16: SSD Kingston SA400S37240G 240GB | S16: Samsung F22T350FHL | T16: SI | U16: SI | V16: TAIR PLI 1100USB | W16: PC con polvo continuo en el case, futuro mantenimiento
A17: 30 | B17: 200 | C17: FINANZAS | D17: COBRANZAS | E17: Wilmer amasifuen | F17: wamasifuen | G17: PC-COBRANZA2 | H17: 10.10.3.29 | I17: COMPUTADORA | J17: COMPATIBLE | K17: H810M-H Gigabyte | L17: I5 | M17: 6 | N17: I5-6400 | O17: 8GB 1600MHZ DRR3 | Q17: Kingston SA400S37240G 240GB | S17: S22F35FHLXPE Samsung 22" | T17: SI | U17: SI | V17: Gambyte | W17: Mantenimiento pc sucia, componentes antiguos necesita actualización de equipo, lentitud de equipo
A18: 29 | B18: 200 | C18: FINANZAS | D18: COBRANZAS | E18: Mirko Pari | F18: mpari | G18: PC-COBRANZA1 | H18: 10.10.3.28 | I18: COMPUTADORA | J18: COMPATIBLE | K18: Asus prime H510M-K R2.0 | L18: I7 | M18: 11 | N18: I7-11700 | O18: 8GB 2600 MHZ drr4 | Q18: MSI SPATIUM 240GB | S18: S24R35AFHN Samsung 24" | T18: SI | U18: SI | V18: No cuenta | W18: Pc sucia mantenimiento futuro
A19: 43 | B19: 200 | C19: COMERCIAL | D19: VENTAS | E19: Pedro Espejo | F19: pespejo | G19: PC-CAMPO7 | H19: 10.10.3.44 | I19: COMPUTADORA | J19: COMPATIBLE | K19: Asustes PRIME A320M-K | L19: I7 | M19: 11 | N19: I7-11700 | O19: 8GB 1200MHZ drr3 | Q19: Kingston SA400S37240G 240GB | S19: S24R35AFHN Samsung 24" | T19: SI | U19: SI | V19: Forza FVR 902 | W19: Mantenimiento de pc suciedad en el case y componentes
A20: 47 | B20: 200 | C20: COMERCIAL | D20: VENTAS | E20: Eduardo Rojas | F20: jrios | G20: PC-DIGITACION2 | H20: 10.10.3.48 | I20: COMPUTADORA | J20: COMPATIBLE | K20: Asustek Prime A320MK | L20: I5 | M20: 10 | N20: I5-10400F | O20: 8GB 1200MHZ Drr3 | Q20: Kingston SA400S37240G 240GB | S20: 19M38A-B LG 19" | T20: SI | U20: SI | V20: Forza-1002 | W20: Problemas de energía, pc mantenimiento sucio case y componentes
B21: 200 | C21: COMERCIAL | D21: VENTAS | E21: Jhon Rashta | F21: jrashta | G21: PC-HORECA | I21: COMPUTADORA | J21: COMPATIBLE | K21: H61H2-MV ECS | L21: I5 | M21: 11 | N21: I5-11400 | O21: 4GB drr3 1600mhz | Q21: Kingston SA400S37240G 240GB | S21: 24mk430h-b LG 24" | T21: SI | U21: SI | V21: TAIR PLI 1100USB | W21: Pc con lentitud, hardaware desactualizado, monitor con raya de Led desgaste.
A22: 45 | B22: 200 | C22: COMERCIAL | D22: VENTAS | E22: Carlo Alva Gamarra | F22: jroman | G22: PC-DIGITACION1 | H22: 10.10.3.46 | I22: COMPUTADORA | J22: COMPATIBLE | K22: Intel B250 | L22: AMD | N22: AMD A12 9800E-9800 | O22: 8GB 2133 MHZ drr4 | Q22: Gigabyte GP-GSTFS31240GNTD 240GB | S22: 19M38A-B LG 19" | T22: SI | U22: SI | V22: Forza FVR 902 | W22: Mouse problemas, mantenimeinto de pc por temperatura
A23: 49 | B23: 200 | C23: COMERCIAL | D23: VENTAS | E23: Ricardo Rojas | F23: rrojas | G23: PC-PROVINCIAS | H23: 10.10.3.51 | I23: NUC | J23: NUC | K23: H61M-DS2 3.0 | L23: I3 | M23: 4 | N23: I3-4160 | O23: 4GB 1333 MHZ DRR3 | Q23: Kingston SA400S37240G 240GB | S23: 24mk430h-b LG 24" | T23: SI | U23: SI | V23: Forza FVR 902 | W23: Teclado desgastado, cable de video y puerto y mantenimeinto de pc por temperatura falta
B24: 200 | C24: COMERCIAL | D24: VENTAS | E24: Virgilio gutierrez | F24: vgutierrez | G24: PC-VENTAS4 | H24: 10.10.3.51 | I24: NUC | J24: NUC | K24: NUC7i3BNB | L24: AMD | N24: AMD A12-9800E Radeon R7 12 Compute cores 4c+8G | O24: 8GB 2133 MHZ drr4 | Q24: Kingston SA400S37240G 240GB | S24: 22MK400H-B LG | T24: SI | U24: SI | V24: CDP RU-AVR | W24: Mantenimiento su mini PC
A25: 44 | B25: 200 | C25: COMERCIAL | D25: VENTAS | E25: Omar Yarleque | F25: fleon | G25: PC-ALMACEN1 | H25: 10.10.3.45 | I25: COMPUTADORA | J25: COMPATIBLE | K25: H810M-H Gigabyte | L25: I5 | M25: 9 | N25: I5-9400F | O25: 8GB 1600 MHZ DDR3 | Q25: Gigabyte GP-GSTF31240GNTD | S25: 19M37A-B LG | T25: SI | U25: SI | V25: Corriente directa | W25: Mantenimeinto de pc, cambio de teclado y mouse desgaste
A26: 46 | B26: 200 | C26: COMERCIAL | D26: VENTAS | E26: Jefferson Paz | F26: jpaz | G26: PC-MAYORISTA2 | H26: 10.10.3.47 | I26: NUC | J26: NUC | K26: Asustek Prime H110M-P | L26: I7 | M26: 11 | N26: I7-11700 | O26: 8GB 2400mhz DDR4 | Q26: WD 2.5 240GB | S26: 24mk430h-b LG 24" | T26: SI | U26: SI | V26: UPS BX800L-MS | W26: Congelamiento con pc, mantenimiento pc, Teclado esta mal.
A27: 41 | B27: 200 | C27: COMERCIAL | D27: VENTAS | E27: Juditza Gonzales | F27: jgonzales | G27: PC-VENTAS2 | H27: 10.10.3.42 | I27: COMPUTADORA | J27: COMPATIBLE | K27: NUC7I3BNB intel | L27: I3 | M27: 4 | N27: I3-4170 | O27: 8GB 2100MHZ DDR4 | Q27: Kingston SA400S37240G 240GB | S27: S24R35AFHN Samsung 24" | T27: SI | U27: SI | V27: UPS SPS ONE SALICRU, | W27: Mantenimeinto pc físico y digital
A28: 48 | B28: 200 | C28: COMERCIAL | D28: VENTAS | E28: Rosselyn Morante | F28: rmorante | G28: PC-SISTEMAS2 | H28: 10.10.3.49 | I28: COMPUTADORA | J28: COMPATIBLE | K28: H110M-H-CF | L28: I5 | M28: 4 | N28: I5-4440 | O28: 8GB 2100MHZ DDR4 | Q28: WD 2.5 240GB | S28: 22M38H-B LG | T28: SI | U28: SI | V28: UPS SALICRU SPS ONE, forza fvr 1110 | W28: Fuente de poder ventilador no funciona, mantenimiento a pc general
A29: 42 | B29: 200 | C29: COMERCIAL | D29: VENTAS | E29: Alexandra Roman | F29: jbarboza | G29: PC-VENTAS3 | H29: 10.10.3.43 | I29: COMPUTADORA | J29: COMPATIBLE | K29: B560M D3SH | L29: I5 | M29: 11 | N29: I5-11400F | O29: 16GB 2666MHZ DDR4 | Q29: CT500P2SSD8 500GB | S29: S24R35AFHN Samsung 24" | T29: SI | U29: SI | V29: UPS SALICRU SPS ONE | W29: Mantenimiento PC temperatura alta
A30: 40 | B30: 200 | C30: COMERCIAL | D30: VENTAS | E30: Lesly Quispe | F30: lquispe | G30: PC-PROVINCIA2 | H30: 10.10.3.41 | I30: COMPUTADORA | J30: COMPATIBLE | K30: B560M Gaming HD Gigabyte | L30: I5 | M30: 11 | N30: I5-11400 | O30: 16GB 2666MHZ DDR4 | Q30: DAHUA C900 2280 NVME 512GB M.2 | S30: 24MK430H-B LG 24" | T30: SI | U30: SI | V30: UPS SALICRU SPS ONE | W30: Mantenimiento PC temperatura alta
A31: 40 | B31: 200 | C31: COMERCIAL | D31: VENTAS | E31: Walter Vasquez | F31: wvasquez | G31: PC-IMPORTACIONES2 | H31: 10.10.3.41 | I31: COMPUTADORA | J31: COMPATIBLE | K31: H410M S2H V2 | L31: I5 | M31: 11 | N31: I5-11400 | O31: 8GB 2600 MHZ DDR4 | Q31: CT480BX500SSD1 480 SSD | S31: F24T350FHL Samsung 24" | T31: SI | U31: SI | V31: Forza FVR 902 | W31: Insuficiente memoria ram, se apaga solo, mantenimiento pc por temperatura.
A32: 21 | B32: 200 | C32: CONTABILIDAD | D32: CONTABILIDAD | E32: Merly Flores | F32: acontable | G32: PC-CONTA5 | H32: 10.10.3.19 | I32: COMPUTADORA | J32: COMPATIBLE | K32: PRIME H510M-K R2.0 | L32: AMD | N32: AMD A12 9800E RADEON R7 12 COMPUTER | O32: 8GB 2666MHZ DDR4 | Q32: Kingston SA400S37240G 240GB | S32: 20M47A-B LG | T32: SI | U32: SI | V32: Gambyte | W32: Insuficiente memoria ram, mantenimiento por temperatura alta
A33: 19 | B33: 200 | C33: CONTABILIDAD | D33: CONTABILIDAD | E33: Cesar Montalvo | F33: cmontalvo | G33: PC-CONTA1 | H33: 10.10.3.17 | I33: COMPUTADORA | J33: COMPATIBLE | K33: Prime A320M-K | L33: I5 | M33: 11 | N33: I5-11400 | O33: 8GB 1200MHZ DDR3 | Q33: WD 2.5 GREEN 240GB | S33: S24R35AFHN Samsung 24" | T33: SI | U33: SI | V33: Quedar modelo | W33: Mantenimeinto pc, componentes obsoletos
A34: 20 | B34: 200 | C34: CONTABILIDAD | D34: CONTABILIDAD | E34: Maria Valery Sanchez Camino | F34: msanchez | G34: PC-CONTA2 | H34: 10.10.3.18 | I34: COMPUTADORA | J34: COMPATIBLE | K34: H810M-H Gigabyte | L34: I5 | M34: 11 | N34: I5-11400F | O34: 4GB 1600MHZ DDR3 | Q34: WD 2.5 Green 240GB | S34: 22MK400H-B LG 22"" | T34: SI | U34: SI | V34: Forza FVR 902 | W34: Mantenimiento pc, ampliación de memoria ram insuficiente
A35: 28 | B35: 200 | C35: FINANZAS | D35: TESORERIA | E35: Anthony Mendoza | F35: amendoza | G35: PC-CONTA6 | H35: 10.10.3.27 | I35: COMPUTADORA | J35: COMPATIBLE | K35: Prime A320M-K | L35: I5 | M35: 11 | N35: I5-11400 | O35: 8GB 1200MHZ DDR3 | Q35: Kingston SA400S37240G 240GB | S35: 22M38H-B LG 22" | T35: SI | U35: SI | V35: Forza FVR 902 | W35: Lentitud ordenador urgente, cuelgue de la maquina constante, mantenimiento ordenador.
A36: 18 | B36: 200 | C36: SUPERVISION | D36: SUPERVISION | E36: Victor Ortiz | F36: vortiz | G36: PC-FINANZAS | H36: 10.10.3.16 | I36: COMPUTADORA | J36: COMPATIBLE | K36: H310M H 2m0 | L36: PENTIUM | N36: Intel pentium G2010 | O36: 8GB 2666MHZ DDR4 | Q36: WDC WDS480G2G0A-00JH30 480GB | S36: S22F35FHLXPE Samsung 22" | T36: SI | U36: SI | V36: Estabilizador | W36: Lentitud ordenador, mantenimiento y upgrade memoria ram
A37: 50 | B37: 200 | C37: COMERCIAL | D37: MARKETING | E37: Alexander Flores | F37: fleon | G37: PC-MARKETING | H37: 10.10.3.52 | I37: COMPUTADORA | J37: COMPATIBLE | K37: B560M Gigabyte | L37: I5 | M37: 3 | N37: I5-3330 | O37: 16GB | Q37: SSD 500 CT480BX500SSD1 | R37: NVIDA GTX 1650 | S37: FN24T350FHL, SAMSUNG, 24" | T37: SI | U37: SI | V37: FORZA FVR 902 | W37: Pantallazo Azul, tiene freeze el ordenador, memoria ram un modulo defectuosa, ya que es una compatible y no original
A38: 16 | B38: 200 | C38: GGHH | D38: SSOMA | E38: Adrian Gonzales | F38: agonzales | G38: PC-SSOMA | H38: 10.10.3.14 | I38: COMPUTADORA | J38: COMPATIBLE | K38: H810M-H | L38: I7 | M38: 11 | N38: I7-11700 | O38: 8GB 1600MHZ DDR3 | Q38: Kingston SA400S37240G 240GB | S38: 19M38A-B LG 19" | T38: SI | U38: GENIUS KB115 X1D21043404094 | V38: Forza FVR 902 | W38: Pc lenta, memoria ram insuficiente
A39: 15 | B39: 200 | C39: GGHH | D39: GGHH | E39: Tashina | F39: usuariorh | G39: PC-RRHH | H39: 10.10.3.13 | I39: COMPUTADORA | J39: COMPATIBLE | K39: H81M-S1 | L39: I7 | M39: 11 | N39: I7-11700 | O39: 8GB 1600MHZ DDR3 | Q39: Kingston SA400S37240G 240GB | S39: 19M38A-B LG 19" | T39: SI | U39: SI | V39: Forza FVR 902 | W39: Lentitud por falta de memoria ram
A40: 13 | B40: 200 | C40: GGHH | D40: GGHH | E40: Sandra Ysla | F40: sysla | G40: PC-GGHH | H40: 10.10.3.11 | I40: COMPUTADORA | J40: COMPATIBLE | K40: H510M-VHS Asrock | L40: I5 | M40: 11 | N40: I5-11400F | O40: 8GB DDR4 3200mhz | Q40: CT240XBX500SSD1 500GB | S40: LF22T350FHLXPE SAMSUNG 22" | T40: SI | U40: SI | V40: Forza FVR 902 | W40: Lentitud memoria ram corto, mantenimiento PC
A41: 2 | B41: 177 | C41: LOGISTICA | D41: Producción | E41: Frank Culqui Condor | F41: bcruz | G41: PC-DIGITACION3 | I41: COMPUTADORA | J41: COMPATIBLE | K41: B560M GAMING HD | L41: I5 | M41: 10 | N41: i5-10400 | O41: 16GB 3200MHZ DRR4 | Q41: Dahua C900 M.2 2280 NVME 512GB SSD | S41: S24R35AFHN Samsung 24" | T41: SI | U41: LOGITECH K120 2252MR060BD8 | V41: Forza FVR 902 | W41: Insuficiente memoria ram, temperatura alta en pc
A42: 4 | B42: 177 | C42: Facturación | E42: Joseph Rashta | F42: laraujo | G42: PC-DIGITACION4 | I42: COMPUTADORA | J42: COMPATIBLE | K42: B560M Gaming HD | L42: I5 | M42: 11 | N42: I5-11400 | O42: 16GB 3200MHZ DDR4 | Q42: Dahua C900 M.2 2280 NVME 512GB | S42: S24R35AFHN Samsung 24" | T42: SI | U42: LOGITECH K120 2252MR060BF8 | V42: Forza FVR 902 | W42: Temperatura pc alta
A43: 3 | B43: 177 | E43: Rafael casaguaypa | F43: bcruz | G43: PC-IMPORTACION3 | I43: COMPUTADORA | J43: COMPATIBLE | L43: AMD | N43: A12-9800E | O43: 8GB DDR3 1200MHZ | Q43: Kingston SA400S37240G 240GB | S43: S24R35AFHN Samsung 24" | T43: SI | U43: SI | V43: Forza FVR 902 | W43: Cambio de pc, lentitud y temperatura alta
A44: 1 | B44: 177 | C44: LOGISTICA | D44: Distribucción | E44: Omar Cruz | F44: mcondori | G44: PC-COORDINADOR2 | I44: COMPUTADORA | J44: COMPATIBLE | K44: B560M Gaming HD | L44: I5 | M44: 11 | N44: I5-11400 | O44: 16GB 3200mhz ddr4 | Q44: Dahua C900 M.2 2280 NVME 512GB | S44: 22MN430M-B LG 22" | T44: SI | U44: SI | V44: De kriss mismo modelo | W44: Temperatura alta y cambio de periféricos
A45: 7 | B45: 177 | C45: CALIDAD | D45: CALIDAD | E45: Gustavo Silva | F45: mmoran | G45: PC-DESARROLLO1 | I45: COMPUTADORA | J45: COMPATIBLE | K45: Asrock H510M-HVS | L45: I5 | M45: 5 | N45: I5-51400F | O45: 8GB 3200MHZ DDR4 | Q45: CT240VX500SSD1 500GB | S45: LF22T350FHLXPE SAMSUNG 22" | T45: SI | U45: LOGITECH K120 2021SC302T08 | V45: Forza FVR 902 | W45: Mantenimiento pc
A46: 34 | B46: 200 | C46: SISTEMAS | D46: SISTEMAS | E46: Maria Moran | F46: mmoran | G46: PC-FACTURACION3 | H46: 10.10.3.34 | I46: COMPUTADORA | J46: COMPATIBLE | K46: B560M Gaming HD | L46: I5 | M46: 11 | N46: I5-11400 | O46: 16GB 3200mhz DDR4 | Q46: Gigabyte GP-GSTFS31240GNTD | S46: 19M38A-B LG | T46: SI | U46: SI | V46: Forza FVR 902 | W46: Mantenimiento PC
A47: 9 | B47: 177 | C47: Producción | D47: Producción | E47: Brissteh Rodriguez | F47: brodriguez | G47: PC-DESARROLLO2 | I47: COMPUTADORA | J47: COMPATIBLE | K47: Foxconn H61MXE | L47: PENTIUM | N47: INTEL PENTIUM G2010 | O47: 4GB DDR3 1200MHZ | Q47: Kingston SA400S37240G 240GB | S47: 22MN430M-B LG 22" | T47: SI | U47: LOGITECH K120 2244MR05B958 | V47: Forza FVR 902 | W47: Cambio de pc lento
A48: 10 | B48: 177 | C48: LOGISTICA | D48: DISTRIBUCION | E48: Alex Paz | F48: apaz | G48: PC-DISTRIBUCION | I48: COMPUTADORA | J48: COMPATIBLE | K48: Gigabyte H61M-DS2 | L48: I5 | M48: 3 | N48: I5-3330 | O48: 6GB 1333MHZ ddr3 | Q48: Kingston SA400S37240G 240GB | S48: 22MN430M-B LG 22" | T48: SI | U48: SI | V48: Forza FVR 902 | W48: Cambio de pc lento
A49: 6 | B49: 177 | C49: CALIDAD | D49: CALIDAD | E49: Luis Rojas | F49: lrojas | G49: PC-CALIDAD2 | I49: COMPUTADORA | J49: COMPATIBLE | K49: B560M Gaming HD | L49: I7 | M49: 11 | N49: I7-11700 | O49: 16GB 3200MHZ | Q49: Kingston SNV2S500G 500GB | S49: S22F355FHL SAMSUNG | T49: SI | U49: SI | V49: Forza FVR 902 | W49: Mantenimiento PC
A50: 7 | B50: 177 | C50: CALIDAD | D50: CALIDAD | E50: Dik Saldaña | F50: dsaldaña | G50: PC-DESARROLLO | I50: COMPUTADORA | J50: COMPATIBLE | K50: B560M Gaming HD | L50: I5 | M50: 5 | N50: I5-51400F | O50: 16GB 3200MHZ DDR4 | Q50: PNY CS1031 500GB | S50: S24R35AFHN Samsung 24" | T50: SI | U50: LOGITECH K120 2021SC302T08 | V50: Forza FVR 902 | W50: Ninguno
A51: 38 | B51: 200 | C51: DESARROLLO | D51: DESARROLLO | E51: Braian steven de la cruz | F51: gsilva | G51: PC-ALMACEN3 | H51: 10.10.3.38 | I51: COMPUTADORA | J51: COMPATIBLE | K51: Asrock H510M-HVS | L51: I5 | M51: 11 | N51: I5-11400 | O51: 8GB 3200MHZ DDR4 | Q51: Wd 2.5 240GB green | S51: Misma que luis | T51: SI | U51: LOGITECH K120 2021SC302SZ8 | V51: Cdp RU-AVR604I | W51: Mantenimiento pc
A52: 51 | B52: 200 | C52: PRODUCCIÓN | D52: MARKETING | E52: JOSUE RUA | F52: gsilva | G52: PC-TDA4 | I52: COMPUTADORA | J52: COMPATIBLE | K52: H410M S2H V2 | L52: I5 | M52: 10 | N52: i5-10400 | O52: 8GB 2666MHZ DDR4 | Q52: WD 2.5 Green 240GB | S52: 22MK430M-B LG 22" | T52: SI | U52: SI | V52: Forza FVR 902 | W52: Mantenimiento pc y cambio de periféricos
A53: 52 | B53: 200 | C53: PRODUCCIÓN | D53: MARKETING | E53: Richard Sapana Carlos | F53: rsapana | G53: PC-MARKETING2 | I53: COMPUTADORA | J53: COMPATIBLE | K53: H410M S2H V2 | L53: I5 | M53: 10 | N53: i5-10400 | O53: 16GB 3200MHZ DDR4 | Q53: 512 GB | S53: 24mk430h-b LG 24" | T53: SI | U53: SI | V53: Forza FVR 902 | W53: Mantenimiento pc y cambio de periféricos

Sheet TD1
A3: AREA | B3: SubArea | C3: Estado2Valor | D3: Estado2 | E3: Responsable | F3: HOSTNAME | G3: DESCPROCESADOR | H3: DESCRAM | I3: usuario | J3: SEDE
A4: CALIDAD | B4: Calidad | C4: 5 | D4: BUENA | E4: Deysi Lopez | F4: LAP-GERENCIA2 | G4: I7-1255U | H4: 16GB DRR4 3200MHZ | I4: dlopez | J4: 177
E5: Maria Moran | F5: PC-FACTURACION3 | G5: I5-11400 | H5: 16GB 3200mhz DDR4 | I5: mmoran | J5: 177
C6: 3 | D6: OPTIMO - REPOTENCIAR | E6: Gustavo Silva | F6: PC-DESARROLLO1 | G6: I5-11400F | H6: 8GB 3200MHZ DDR4 | I6: mmoran | J6: 177
A7: COMERCIAL | B7: Marketing | C7: 4 | D7: BUENA - REPOTENCIAR | E7: Alexander Flores | F7: PC-MARKETING | G7: I7-11700 | H7: 16GB | I7: fleon | J7: 200
B8: Ventas | C8: #N/D | D8: (en blanco) | E8: I5 | F8: COMPUTADORA | G8: RYZEN 7-7735HS | H8: 16GB 5200 MHZ DDR5 | I8: Jhon Rashta | J8: CAMBIO
C9: 5 | D9: BUENA | E9: Alexandra Roman | F9: PC-SISTEMAS2 | G9: I7-11700 | H9: 16GB 2666MHZ DDR4 | I9: jbarboza | J9: 200
E10: Juan Pablo Quiroz Auqui | F10: LAP-FINANZAS | G10: I7-1255U | H10: 16GB | I10: jquiroz | J10: 200
E11: Lesly Quispe | F11: PC-VENTAS3 | G11: I7-11700 | H11: 16GB 2666MHZ DDR4 | I11: lquispe | J11: 200
C12: 3 | D12: OPTIMO - REPOTENCIAR | E12: Walter Vasquez | F12: PC-PROVINCIA2 | G12: I5-10400F | H12: 8GB 2600 MHZ DDR4 | I12: wvasquez | J12: 200
C13: 2 | D13: ACEPTABLE - CAMBIO | E13: Carlo Alva Gamarra | F13: PC-HORECA | G13: I5-6400 | H13: 8GB 2133 MHZ drr4 | I13: jroman | J13: 200
E14: Eduardo Rojas | F14: PC-CAMPO7 | G14: A12-9800E Radeon R7, 12 COMPUTE 4C+8G | H14: 8GB 1200MHZ drr3 | I14: jrios | J14: 200
E15: Jefferson Paz | F15: PC-ALMACEN1 | G15: I3-7100 | H15: 8GB 2400mhz DDR4 | I15: jpaz | J15: 200
E16: Jorge Rios | F16: LAP-VENTAS | G16: I5-8265U Intel | H16: 12GB 2400Mhz drr4 2 módulos 8 y 4 | I16: jrios | J16: 200
E17: Juditza Gonzales | F17: PC-MAYORISTA2 | G17: I3-7100U | H17: 8GB 2100MHZ DDR4 | I17: jgonzales | J17: 200
E18: Rosselyn Morante | F18: PC-VENTAS2 | G18: I5-6400 | H18: 8GB 2100MHZ DDR4 | I18: rmorante | J18: 200
E19: Virgilio gutierrez | F19: PC-PROVINCIAS | G19: I3-7100U | H19: 8GB 2133 MHZ drr4 | I19: vgutierrez | J19: 200
E20: Jhonny Davila | F20: PC-VENTAS4 | G20: I7-4790 | H20: 8GB 1600 MHZ DDR3 | I20: jbarboza | J20: 200
C21: 1 | D21: CAMBIO | E21: Jhon Rashta | F21: PC-DIGITACION2 | G21: I5-3330 intel | H21: 4GB drr3 1600mhz | I21: jrashta | J21: 200
E22: Nataly Cruz | F22: PC-TDA3 | G22: I3-7100 Intel | H22: 8GB 2400 MHZ DRR4 | I22: ncruz | J22: 200
E23: Ricardo Rojas | F23: PC-DIGITACION1 | G23: I5-3330 | H23: 4GB 1333 MHZ DRR3 | I23: rrojas | J23: 200
A24: CONTABILIDAD | B24: Contabilidad | C24: (en blanco) | D24: CAMBIO | E24: VELA CHUQUIPIO LIDIA MARITZA | F24: LAP-RRHH | G24: I5-7200 | H24: 16GB 3200MHZ DDR4 | I24: acontable | J24: 200
C25: #N/D | D25: (en blanco) | E25: I3 | F25: COMPUTADORA | G25: I7-1360P | H25: 16 GB drr4 3200MHZ | I25: FLORES RUBIN JACKELINE MERLY | J25: (en blanco)
C26: 3 | D26: OPTIMO - REPOTENCIAR | E26: Merly Flores | F26: PC-IMPORTACIONES2 | G26: I5-11400 | H26: 8GB 2666MHZ DDR4 | I26: acontable | J26: 200
C27: 1 | D27: CAMBIO | E27: FLORES RUBIN JACKELINE MERLY | F27: PC-CONTA2 | G27: I3-4160 | H27: 4GB 1600MHZ DDR3 | I27: acontable | J27: 200
B28: Facturacion | C28: 5 | D28: BUENA | E28: Frank Culqui Condor | F28: PC-DIGITACION3 | G28: I5-11400 | H28: 16GB 3200MHZ drr4 | I28: bcruz | J28: 177
C29: 2 | D29: ACEPTABLE - CAMBIO | E29: Rafael casaguaypa | F29: PC-IMPORTACIONES3 | G29: AMD A12 9800E RADEON R7 12 COMPUTER | H29: 8GB DDR3 1200MHZ | I29: bcruz | J29: 177
B30: Finanzas | C30: #N/D | D30: COMPRA | E30: (en blanco) | F30: (en blanco) | G30: I7-1360P | H30: 16GB 5200 MHZ DDR5 | I30: (en blanco) | J30: 200
A31: FINANZAS | B31: Cobranzas | C31: #N/D | D31: COMPRA | E31: LUISA LUYO | F31: LAP-GPCB003 | G31: RYZEN 7-7735HS | H31: 16GB 5200 MHZ DDR5 | I31: mluyo | J31: 200
D32: (en blanco) | E32: (en blanco) | F32: (en blanco) | G32: (en blanco) | H32: (en blanco) | I32: (en blanco) | J32: 200
E33: I3 | F33: COMPUTADORA | G33: I5-8265U | H33: 8GB DDR4 2400mhz | I33: Wilmer Amasifuen | J33: (en blanco)
C34: 3 | D34: OPTIMO - REPOTENCIAR | E34: Mirko Pari | F34: PC-COBRANZA4 | G34: I5-11400 2.6 GHZ | H34: 8GB 2600 MHZ drr4 | I34: mpari | J34: 200
C35: 2 | D35: ACEPTABLE - CAMBIO | E35: Kristell Quispe | F35: PC-CONTA3 | G35: I3-7100 Intel | H35: 8GB 3200MHZ DRR4 2 módulos de 4 | I35: kquispe | J35: 200
E36: Pedro Espejo | F36: PC-COBRANZA1 | G36: A12-9800E Radeon R7, 12 compute Cores 4C+8G | H36: 8GB 1200MHZ drr3 | I36: pespejo | J36: 200
C37: 1 | D37: CAMBIO | E37: Wilmer Amasifuen | F37: PC-COBRANZA2 | G37: I3-4170 intel | H37: 8GB 1600MHZ DRR3 | I37: wamasifuen | J37: 200
E38: HUANCA HUERTO, NICOLA REYMUNDO | F38: PC-COBRANZA3 | G38: I3-2120 intel | H38: 4GB 1333mhz drr3 | I38: nhuanca | J38: 200
B39: Contabilidad | C39: #N/D | D39: COMPRA | E39: Anthony Mendoza | F39: LAP-GPCB004 | G39: RYZEN 7-7735HS | H39: 16GB 5200 MHZ DDR5 | I39: amendoza | J39: 200
E40: Alfonso Pinedo | F40: (en blanco) | G40: I7-1360P | H40: 16GB 5200 MHZ DDR5 | I40: apinedo | J40: 177
C41: 3 | D41: OPTIMO - REPOTENCIAR | E41: Victor Ortiz | F41: PC-FINANZAS | G41: I5-9400F | H41: 8GB 2666MHZ DDR4 | I41: vortiz | J41: 200
C42: 1 | D42: CAMBIO | E42: SANCHEZ CAMINO MARIA VALERY | F42: PC-CONTA5 | G42: AMD A12 9800E-9800 | H42: 8GB 1200MHZ DDR3 | I42: msanchez | J42: 200
E43: Beatriz | F43: PC-CONTA6 | G43: AMD A12-9800E Radeon R7 12 Compute cores 4c+8G | H43: 8GB 1200MHZ DDR3 | I43: acostos | J43: 200
A44: GGHH | B44: RRHH | C44: #N/D | D44: (en blanco) | E44: I5 | F44: COMPUTADORA | G44: I3-7100 Intel | H44: 8GB 2400 MHZ DRR4 | I44: Tashina | J44: (en blanco)
C45: 3 | D45: OPTIMO - REPOTENCIAR | E45: Sandra Ysla | F45: PC-GGHH | G45: I5-11400F | H45: 8GB DDR4 3200mhz | I45: sysla | J45: 200
C46: 2 | D46: ACEPTABLE - CAMBIO | E46: Eric Ore | F46: LAP-RRHH | G46: I3-1005G1 | H46: 8GB 2400mhz DDR4 | I46: eore | J46: 200
C47: 1 | D47: CAMBIO | E47: Tashina | F47: PC-RRHH | G47: I5-4440 | H47: 8GB 1600MHZ DDR3 | I47: usuariorh | J47: 200
B48: SSOMA | C48: 1 | D48: CAMBIO | E48: Adrian Gonzales | F48: PC-SSOMA | G48: I3-4170 | H48: 8GB 1600MHZ DDR3 | I48: agonzales | J48: 200
A49: LOGISTICA | B49: Almacen | C49: #N/D | D49: COMPRA | E49: VICTOR HUAMAN | F49: LAP-GPCB001 | G49: RYZEN 7-7735HS | H49: 16GB 5200 MHZ DDR5 | I49: vhuaman | J49: 200
C50: 5 | D50: BUENA | E50: Joseph Rashta | F50: PC-DIGITACION4 | G50: I5-11400 | H50: 16GB 3200MHZ DDR4 | I50: laraujo | J50: 177
E51: Omar Cruz | F51: PC-COORDINADOR2 | G51: I5-11400 | H51: 16GB 3200MHZ DDR4 | I51: mcondori | J51: 177
C52: 3 | D52: OPTIMO - REPOTENCIAR | E52: Juan Carlos | F52: LAP-CONTADORG | G52: I5-1235U | H52: 8GB 3200mhz DDR4 | I52: udigitacion | J52: 177
B53: Despacho | C53: 5 | D53: BUENA | E53: Jeferson Amaro | F53: LAP-SOPORTE | G53: I7-7500U | H53: 16GB drr4 2400mhz | I53: usudespacho | J53: 177
B54: Distribucion | C54: #N/D | D54: COMPRA | E54: (en blanco) | F54: (en blanco) | G54: (en blanco) | H54: (en blanco) | I54: (en blanco) | J54: 177
B55: Importaciones | C55: 5 | D55: BUENA | E55: Emily Montoya | F55: LAP-DAMACENG | G55: I5-10210U | H55: 16GB 3200MHZ drr4 | I55: emontoya | J55: 200
E56: Luis Pare | F56: PC-FACTURACION4 | G56: I5-11400 Intel | H56: 16GB 3200mhz drr4 | I56: Lpare | J56: 200
E57: Paulo Rojas | F57: LAP-PLANNER | G57: I7-12700H | H57: 16GB 3200MHZ drr4 | I57: projas | J57: 200
B58: Operaciones | C58: #N/D | D58: COMPRA | E58: (en blanco) | F58: (en blanco) | G58: I7-1360P | H58: 16GB 5200 MHZ DDR5 | I58: (en blanco) | J58: 177
A59: PRODUCCION | B59: Desarrollo | C59: #N/D | D59: COMPRA | E59: (en blanco) | F59: (en blanco) | G59: (en blanco) | H59: (en blanco) | I59: (en blanco) | J59: Nuevo local
D60: 1 | E60: PENTIUM | F60: COMPUTADORA | G60: I7-4790 | H60: 8GB 1600 MHZ DDR3 | I60: Brissteh Rodriguez | J60: (en blanco)
C61: 1 | D61: CAMBIO | E61: Brissteh Rodriguez | F61: PC-DESARROLLO2 | G61: Intel pentium G2010 | H61: 4GB DDR3 1200MHZ | I61: brodriguez | J61: 177
A62: SISTEMAS | B62: Sistemas | C62: #N/D | D62: COMPRA | E62: (en blanco) | F62: (en blanco) | G62: (en blanco) | H62: (en blanco) | I62: (en blanco) | J62: 200
A63: (en blanco) | B63: Contabilidad | C63: #N/D | D63: (en blanco) | E63: I7 AMD | F63: COMPUTADORA | G63: I5-11400F | H63: 16GB DRR4 3200MHZ | I63: SANCHEZ CAMINO MARIA VALERY | J63: (en blanco)
B64: SSOMA | C64: #N/D | D64: (en blanco) | E64: I3 | F64: COMPUTADORA | G64: I5-3330 | H64: 6GB 1333MHZ ddr3 | I64: Adrian Gonzales | J64: (en blanco)
B65: (en blanco) | C65: (en blanco) | D65: (en blanco) | E65: (en blanco) | F65: (en blanco) | G65: (en blanco) | H65: (en blanco) | I65: (en blanco) | J65: (en blanco)
C66: #N/D | D66: COMPRA | E66: (en blanco) | F66: (en blanco) | G66: (en blanco) | H66: (en blanco) | I66: (en blanco) | J66: 177
D67: (en blanco) | E67: (en blanco) | F67: (en blanco) | G67: (en blanco) | H67: (en blanco) | I67: (en blanco) | J67: (en blanco)
E68: I5 | F68: (en blanco) | G68: i5-10400 | H68: 8GB 2666MHZ DDR4 | I68: Xiomara Asunción Castañeda Santiago | J68: (en blanco)
G69: I7-11700 | H69: 16GB 3200MHZ DDR4 | I69: Ricardo Rojas | J69: (en blanco)
E70: I3 | F70: (en blanco) | G70: I5-11400 | H70: 8GB DDR4 2600MHZ | I70: HUANCA HUERTO, NICOLA REYMUNDO | J70: (en blanco)
G71: I5-11400F | H71: 8GB 3200mhz DDR4 | I71: Mirian Rosa Flores Fernandez | J71: (en blanco)
G72: I7-11700 | H72: 16GB 3200MHZ | I72: Nataly Cruz | J72: (en blanco)
E73: I7 | F73: (en blanco) | G73: I7-11700 | H73: 16GB 3200MHZ drr4 | I73: Jhonny Cristopher Davila Rivera | J73: (en blanco)
E74: I7 AMD | F74: (en blanco) | G74: I5-1235U | H74: 8GB Drr4 3200MHZ | I74: Beatriz | J74: (en blanco)
D75: 1 | E75: (en blanco) | F75: (en blanco) | G75: I7-1360P | H75: 16GB 5200 MHZ DDR5 | I75: (en blanco) | J75: Total CAMBIO
A76: Total general

Sheet TD2
A3: Cont | I3: SEDE
A4: Estado2Valor | B4: Estado2 | C4: AREA | D4: SubArea | E4: TIPO | F4: PROCESADOR | G4: GENPROCESADOR | H4: RAM | I4: 177 | J4: 200 | K4: Nuevo local | L4: (en blanco) | M4: CAMBIO | N4: Total CAMBIO | O4: Total general
A5: (en blanco) | B5: CAMBIO | C5: CONTABILIDAD | D5: Contabilidad | E5: LAPTOP | F5: (en blanco) | G5: 7 | H5: 16GB | J5: 1 | O5: 1
B6: Total CAMBIO | J6: 1 | O6: 1
B7: (en blanco) | C7: (en blanco) | D7: (en blanco) | E7: (en blanco) | F7: (en blanco) | G7: (en blanco) | H7: (en blanco)
B8: Total (en blanco)
A9: #N/D | B9: COMPRA | C9: CONTABILIDAD | D9: Finanzas | E9: LAPTOP | F9: I7 | G9: 13 | H9: 16GB
C10: FINANZAS | D10: Cobranzas | E10: LAPTOP | F10: RYZEN 7 | G10: 7 | H10: 16GB | J10: 1 | O10: 1
D11: Contabilidad | E11: LAPTOP | F11: I7 | G11: 13 | H11: 16GB
F12: RYZEN 7 | G12: 7 | H12: 16GB | J12: 1 | O12: 1
C13: LOGISTICA | D13: Almacen | E13: LAPTOP | F13: RYZEN 7 | G13: 7 | H13: 16GB | J13: 1 | O13: 1
D14: Distribucion | E14: (en blanco) | F14: I7 | G14: (en blanco) | H14: (en blanco)
D15: Operaciones | E15: LAPTOP | F15: I7 | G15: 13 | H15: 16GB
C16: PRODUCCION | D16: Desarrollo | E16: (en blanco) | F16: I7 | G16: (en blanco) | H16: (en blanco)
C17: SISTEMAS | D17: Sistemas | E17: (en blanco) | F17: I7 | G17: (en blanco) | H17: (en blanco)
C18: (en blanco) | D18: (en blanco) | E18: (en blanco) | F18: I7 | G18: (en blanco) | H18: (en blanco)
B19: Total COMPRA | J19: 3 | O19: 3
B20: (en blanco) | C20: COMERCIAL | D20: Ventas | E20: LAPTOP | F20: RYZEN 7 | G20: 7 | H20: 16GB | M20: 1 | O20: 1
C21: CONTABILIDAD | D21: Contabilidad | E21: LAPTOP | F21: I7 | G21: 13 | H21: 16GB | L21: 1 | O21: 1
C22: FINANZAS | D22: Cobranzas | E22: LAPTOP | F22: I5 | G22: 8 | H22: 8GB | L22: 1 | O22: 1
E23: (en blanco) | F23: (en blanco) | G23: (en blanco) | H23: (en blanco)
C24: GGHH | D24: RRHH | E24: COMPUTADORA | F24: I3 | G24: 7 | H24: 8GB | L24: 1 | O24: 1
C25: (en blanco) | D25: Contabilidad | E25: COMPUTADORA | F25: I5 | G25: 11 | H25: 16GB | L25: 1 | O25: 1
D26: SSOMA | E26: COMPUTADORA | F26: I5 | G26: 3 | H26: 6GB | L26: 1 | O26: 1
D27: (en blanco) | E27: COMPUTADORA | F27: I5 | G27: 10 | H27: 8GB
G28: 11 | H28: 8GB
F29: I7 | G29: 11 | H29: 16GB
E30: LAPTOP | F30: I5 | G30: 12 | H30: 8GB
E31: (en blanco) | F31: (en blanco) | G31: (en blanco) | H31: (en blanco)
B32: Total (en blanco) | L32: 5 | M32: 1 | O32: 6
B33: 1 | C33: PRODUCCION | D33: Desarrollo | E33: COMPUTADORA | F33: I7 | G33: 4 | H33: 8GB | L33: 1 | O33: 1
C34: (en blanco) | D34: (en blanco) | E34: LAPTOP | F34: I7 | G34: 13 | H34: 16GB
B35: Total 1 | L35: 1 | O35: 1
A36: 5 | B36: BUENA | C36: CALIDAD | D36: Calidad | E36: COMPUTADORA | F36: I5 | G36: 11 | H36: 16GB | I36: 1 | O36: 1
E37: LAPTOP | F37: I7 | G37: 12 | H37: 16GB | I37: 1 | O37: 1
C38: COMERCIAL | D38: Ventas | E38: COMPUTADORA | F38: I7 | G38: 11 | H38: 16GB | J38: 2 | O38: 2
E39: LAPTOP | F39: I7 | G39: 12 | H39: 16GB | J39: 1 | O39: 1
C40: CONTABILIDAD | D40: Facturacion | E40: COMPUTADORA | F40: I5 | G40: 11 | H40: 16GB | I40: 1 | O40: 1
C41: LOGISTICA | D41: Almacen | E41: COMPUTADORA | F41: I5 | G41: 11 | H41: 16GB | I41: 2 | O41: 2
D42: Despacho | E42: LAPTOP | F42: I7 | G42: 7 | H42: 16GB | I42: 1 | O42: 1
D43: Importaciones | E43: COMPUTADORA | F43: I5 | G43: 11 | H43: 16GB | J43: 1 | O43: 1
E44: LAPTOP | F44: I5 | G44: 10 | H44: 16GB | J44: 1 | O44: 1
F45: I7 | G45: 12 | H45: 16GB | J45: 1 | O45: 1
B46: Total BUENA | I46: 6 | J46: 6 | O46: 12
A47: 4 | B47: BUENA - REPOTENCIAR | C47: COMERCIAL | D47: Marketing | E47: COMPUTADORA | F47: I7 | G47: 11 | H47: 16GB | J47: 1 | O47: 1
B48: Total BUENA - REPOTENCIAR | J48: 1 | O48: 1
A49: 3 | B49: OPTIMO - REPOTENCIAR | C49: CALIDAD | D49: Calidad | E49: COMPUTADORA | F49: I5 | G49: 11 | H49: 8GB | I49: 1 | O49: 1
C50: COMERCIAL | D50: Ventas | E50: COMPUTADORA | F50: I5 | G50: 10 | H50: 8GB | J50: 1 | O50: 1
C51: CONTABILIDAD | D51: Contabilidad | E51: COMPUTADORA | F51: I5 | G51: 11 | H51: 8GB | J51: 1 | O51: 1
C52: FINANZAS | D52: Cobranzas | E52: COMPUTADORA | F52: I5 | G52: 11 | H52: 8GB | J52: 1 | O52: 1
D53: Contabilidad | E53: COMPUTADORA | F53: I5 | G53: 9 | H53: 8GB | J53: 1 | O53: 1
C54: GGHH | D54: RRHH | E54: COMPUTADORA | F54: I5 | G54: 11 | H54: 8GB | J54: 1 | O54: 1
C55: LOGISTICA | D55: Almacen | E55: LAPTOP | F55: I5 | G55: 12 | H55: 8GB | I55: 1 | O55: 1
B56: Total OPTIMO - REPOTENCIAR | I56: 2 | J56: 5 | O56: 7
A57: 2 | B57: ACEPTABLE - CAMBIO | C57: COMERCIAL | D57: Ventas | E57: COMPUTADORA | F57: I3 | G57: 7 | H57: 8GB | J57: 1 | O57: 1
F58: I5 | G58: 6 | H58: 8GB | J58: 2 | O58: 2
F59: I7 | G59: 4 | H59: 8GB | J59: 1 | O59: 1
F60: I7 AMD | G60: 5 | H60: 8GB | J60: 1 | O60: 1
E61: LAPTOP | F61: I5 | G61: 8 | H61: 12GB | J61: 1 | O61: 1
E62: NUC | F62: I3 | G62: 7 | H62: 8GB | J62: 2 | O62: 2
C63: CONTABILIDAD | D63: Facturacion | E63: COMPUTADORA | F63: I7 AMD | G63: 5 | H63: 8GB | I63: 1 | O63: 1
C64: FINANZAS | D64: Cobranzas | E64: COMPUTADORA | F64: I3 | G64: 7 | H64: 8GB | J64: 1 | O64: 1
F65: I7 AMD | G65: 5 | H65: 8GB | J65: 1 | O65: 1
C66: GGHH | D66: RRHH | E66: LAPTOP | F66: I3 | G66: 10 | H66: 8GB | J66: 1 | O66: 1
B67: Total ACEPTABLE - CAMBIO | I67: 1 | J67: 11 | O67: 12
A68: 1 | B68: CAMBIO | C68: COMERCIAL | D68: Ventas | E68: COMPUTADORA | F68: I3 | G68: 7 | H68: 8GB | J68: 1 | O68: 1
F69: I5 | G69: 3 | H69: 4GB | J69: 2 | O69: 2
C70: CONTABILIDAD | D70: Contabilidad | E70: COMPUTADORA | F70: I3 | G70: 4 | H70: 4GB | J70: 1 | O70: 1
C71: FINANZAS | D71: Cobranzas | E71: COMPUTADORA | F71: I3 | G71: 2 | H71: 4GB | J71: 1 | O71: 1
G72: 4 | H72: 8GB | J72: 1 | O72: 1
D73: Contabilidad | E73: COMPUTADORA | F73: I7 AMD | G73: 5 | H73: 8GB | J73: 2 | O73: 2
C74: GGHH | D74: RRHH | E74: COMPUTADORA | F74: I5 | G74: 4 | H74: 8GB | J74: 1 | O74: 1
D75: SSOMA | E75: COMPUTADORA | F75: I3 | G75: 4 | H75: 8GB | J75: 1 | O75: 1
C76: PRODUCCION | D76: Desarrollo | E76: COMPUTADORA | F76: PENTIUM | G76: (en blanco) | H76: 4GB | I76: 1 | O76: 1
B77: Total CAMBIO | I77: 1 | J77: 10 | O77: 11
A78: Total general | I78: 10 | J78: 37 | L78: 6 | M78: 1 | O78: 54

Sheet TD2 (2)
A3: Cont | J3: SEDE
A4: Estado2Valor | B4: Estado2 | C4: AREA | D4: SubArea | E4: TIPO | F4: Responsable | G4: PROCESADOR | H4: GENPROCESADOR | I4: RAM | J4: 177 | K4: 200 | L4: Nuevo local | M4: (en blanco) | N4: CAMBIO | O4: Total CAMBIO | P4: Total general
A5: (en blanco) | B5: CAMBIO | C5: CONTABILIDAD | D5: Contabilidad | E5: LAPTOP | F5: VELA CHUQUIPIO LIDIA MARITZA | G5: (en blanco) | H5: 7 | I5: 16GB | K5: 1 | P5: 1
B6: (en blanco) | C6: (en blanco) | D6: (en blanco) | E6: (en blanco) | F6: (en blanco) | G6: (en blanco) | H6: (en blanco) | I6: (en blanco)
A7: #N/D | B7: 1 | C7: PRODUCCION | D7: Desarrollo | E7: COMPUTADORA | F7: PENTIUM | G7: I7 | H7: 4 | I7: 8GB | M7: 1 | P7: 1
C8: (en blanco) | D8: (en blanco) | E8: LAPTOP | F8: (en blanco) | G8: I7 | H8: 13 | I8: 16GB
B9: COMPRA | C9: CONTABILIDAD | D9: Finanzas | E9: LAPTOP | F9: (en blanco) | G9: I7 | H9: 13 | I9: 16GB
C10: FINANZAS | D10: Cobranzas | E10: LAPTOP | F10: LUISA LUYO | G10: RYZEN 7 | H10: 7 | I10: 16GB | K10: 1 | P10: 1
D11: Contabilidad | E11: LAPTOP | F11: Anthony Mendoza | G11: RYZEN 7 | H11: 7 | I11: 16GB | K11: 1 | P11: 1
F12: Alfonso Pinedo | G12: I7 | H12: 13 | I12: 16GB
C13: LOGISTICA | D13: Almacen | E13: LAPTOP | F13: VICTOR HUAMAN | G13: RYZEN 7 | H13: 7 | I13: 16GB | K13: 1 | P13: 1
D14: Distribucion | E14: (en blanco) | F14: (en blanco) | G14: I7 | H14: (en blanco) | I14: (en blanco)
D15: Operaciones | E15: LAPTOP | F15: (en blanco) | G15: I7 | H15: 13 | I15: 16GB
C16: PRODUCCION | D16: Desarrollo | E16: (en blanco) | F16: (en blanco) | G16: I7 | H16: (en blanco) | I16: (en blanco)
C17: SISTEMAS | D17: Sistemas | E17: (en blanco) | F17: (en blanco) | G17: I7 | H17: (en blanco) | I17: (en blanco)
C18: (en blanco) | D18: (en blanco) | E18: (en blanco) | F18: (en blanco) | G18: I7 | H18: (en blanco) | I18: (en blanco)
B19: (en blanco) | C19: COMERCIAL | D19: Ventas | E19: LAPTOP | F19: I5 | G19: RYZEN 7 | H19: 7 | I19: 16GB | N19: 1 | P19: 1
C20: CONTABILIDAD | D20: Contabilidad | E20: LAPTOP | F20: I3 | G20: I7 | H20: 13 | I20: 16GB | M20: 1 | P20: 1
C21: FINANZAS | D21: Cobranzas | E21: LAPTOP | F21: I3 | G21: I5 | H21: 8 | I21: 8GB | M21: 1 | P21: 1
E22: (en blanco) | F22: (en blanco) | G22: (en blanco) | H22: (en blanco) | I22: (en blanco)
C23: GGHH | D23: RRHH | E23: COMPUTADORA | F23: I5 | G23: I3 | H23: 7 | I23: 8GB | M23: 1 | P23: 1
C24: (en blanco) | D24: Contabilidad | E24: COMPUTADORA | F24: I7 AMD | G24: I5 | H24: 11 | I24: 16GB | M24: 1 | P24: 1
D25: SSOMA | E25: COMPUTADORA | F25: I3 | G25: I5 | H25: 3 | I25: 6GB | M25: 1 | P25: 1
D26: (en blanco) | E26: COMPUTADORA | F26: I5 | G26: I5 | H26: 10 | I26: 8GB
G27: I7 | H27: 11 | I27: 16GB
F28: I3 | G28: I5 | H28: 11 | I28: 8GB
G29: I7 | H29: 11 | I29: 16GB
F30: I7 | G30: I7 | H30: 11 | I30: 16GB
E31: LAPTOP | F31: I7 AMD | G31: I5 | H31: 12 | I31: 8GB
E32: (en blanco) | F32: (en blanco) | G32: (en blanco) | H32: (en blanco) | I32: (en blanco)
A33: 5 | B33: BUENA | C33: CALIDAD | D33: Calidad | E33: COMPUTADORA | F33: Maria Moran | G33: I5 | H33: 11 | I33: 16GB | J33: 1 | P33: 1
E34: LAPTOP | F34: Deysi Lopez | G34: I7 | H34: 12 | I34: 16GB | J34: 1 | P34: 1
C35: COMERCIAL | D35: Ventas | E35: COMPUTADORA | F35: Alexandra Roman | G35: I7 | H35: 11 | I35: 16GB | K35: 1 | P35: 1
F36: Lesly Quispe | G36: I7 | H36: 11 | I36: 16GB | K36: 1 | P36: 1
E37: LAPTOP | F37: Juan Pablo Quiroz Auqui | G37: I7 | H37: 12 | I37: 16GB | K37: 1 | P37: 1
C38: CONTABILIDAD | D38: Facturacion | E38: COMPUTADORA | F38: Frank Culqui Condor | G38: I5 | H38: 11 | I38: 16GB | J38: 1 | P38: 1
C39: LOGISTICA | D39: Almacen | E39: COMPUTADORA | F39: Joseph Rashta | G39: I5 | H39: 11 | I39: 16GB | J39: 1 | P39: 1
F40: Omar Cruz | G40: I5 | H40: 11 | I40: 16GB | J40: 1 | P40: 1
D41: Despacho | E41: LAPTOP | F41: Jeferson Amaro | G41: I7 | H41: 7 | I41: 16GB | J41: 1 | P41: 1
D42: Importaciones | E42: COMPUTADORA | F42: Luis Pare | G42: I5 | H42: 11 | I42: 16GB | K42: 1 | P42: 1
E43: LAPTOP | F43: Emily Montoya | G43: I5 | H43: 10 | I43: 16GB | K43: 1 | P43: 1
F44: Paulo Rojas | G44: I7 | H44: 12 | I44: 16GB | K44: 1 | P44: 1
A45: 4 | B45: BUENA - REPOTENCIAR | C45: COMERCIAL | D45: Marketing | E45: COMPUTADORA | F45: Alexander Flores | G45: I7 | H45: 11 | I45: 16GB | K45: 1 | P45: 1
A46: 3 | B46: OPTIMO - REPOTENCIAR | C46: CALIDAD | D46: Calidad | E46: COMPUTADORA | F46: Gustavo Silva | G46: I5 | H46: 11 | I46: 8GB | J46: 1 | P46: 1
C47: COMERCIAL | D47: Ventas | E47: COMPUTADORA | F47: Walter Vasquez | G47: I5 | H47: 10 | I47: 8GB | K47: 1 | P47: 1
C48: CONTABILIDAD | D48: Contabilidad | E48: COMPUTADORA | F48: Merly Flores | G48: I5 | H48: 11 | I48: 8GB | K48: 1 | P48: 1
C49: FINANZAS | D49: Cobranzas | E49: COMPUTADORA | F49: Mirko Pari | G49: I5 | H49: 11 | I49: 8GB | K49: 1 | P49: 1
D50: Contabilidad | E50: COMPUTADORA | F50: Victor Ortiz | G50: I5 | H50: 9 | I50: 8GB | K50: 1 | P50: 1
C51: GGHH | D51: RRHH | E51: COMPUTADORA | F51: Sandra Ysla | G51: I5 | H51: 11 | I51: 8GB | K51: 1 | P51: 1
C52: LOGISTICA | D52: Almacen | E52: LAPTOP | F52: Juan Carlos | G52: I5 | H52: 12 | I52: 8GB | J52: 1 | P52: 1
A53: 2 | B53: ACEPTABLE - CAMBIO | C53: COMERCIAL | D53: Ventas | E53: COMPUTADORA | F53: Carlo Alva Gamarra | G53: I5 | H53: 6 | I53: 8GB | K53: 1 | P53: 1
F54: Eduardo Rojas | G54: I7 AMD | H54: 5 | I54: 8GB | K54: 1 | P54: 1
F55: Jefferson Paz | G55: I3 | H55: 7 | I55: 8GB | K55: 1 | P55: 1
F56: Rosselyn Morante | G56: I5 | H56: 6 | I56: 8GB | K56: 1 | P56: 1
F57: Jhonny Davila | G57: I7 | H57: 4 | I57: 8GB | K57: 1 | P57: 1
E58: LAPTOP | F58: Jorge Rios | G58: I5 | H58: 8 | I58: 12GB | K58: 1 | P58: 1
E59: NUC | F59: Juditza Gonzales | G59: I3 | H59: 7 | I59: 8GB | K59: 1 | P59: 1
F60: Virgilio gutierrez | G60: I3 | H60: 7 | I60: 8GB | K60: 1 | P60: 1
C61: CONTABILIDAD | D61: Facturacion | E61: COMPUTADORA | F61: Rafael casaguaypa | G61: I7 AMD | H61: 5 | I61: 8GB | J61: 1 | P61: 1
C62: FINANZAS | D62: Cobranzas | E62: COMPUTADORA | F62: Kristell Quispe | G62: I3 | H62: 7 | I62: 8GB | K62: 1 | P62: 1
F63: Pedro Espejo | G63: I7 AMD | H63: 5 | I63: 8GB | K63: 1 | P63: 1
C64: GGHH | D64: RRHH | E64: LAPTOP | F64: Eric Ore | G64: I3 | H64: 10 | I64: 8GB | K64: 1 | P64: 1
A65: 1 | B65: CAMBIO | C65: COMERCIAL | D65: Ventas | E65: COMPUTADORA | F65: Jhon Rashta | G65: I5 | H65: 3 | I65: 4GB | K65: 1 | P65: 1
F66: Nataly Cruz | G66: I3 | H66: 7 | I66: 8GB | K66: 1 | P66: 1
F67: Ricardo Rojas | G67: I5 | H67: 3 | I67: 4GB | K67: 1 | P67: 1
C68: CONTABILIDAD | D68: Contabilidad | E68: COMPUTADORA | F68: FLORES RUBIN JACKELINE MERLY | G68: I3 | H68: 4 | I68: 4GB | K68: 1 | P68: 1
C69: FINANZAS | D69: Cobranzas | E69: COMPUTADORA | F69: Wilmer Amasifuen | G69: I3 | H69: 4 | I69: 8GB | K69: 1 | P69: 1
F70: HUANCA HUERTO, NICOLA REYMUNDO | G70: I3 | H70: 2 | I70: 4GB | K70: 1 | P70: 1
D71: Contabilidad | E71: COMPUTADORA | F71: SANCHEZ CAMINO MARIA VALERY | G71: I7 AMD | H71: 5 | I71: 8GB | K71: 1 | P71: 1
F72: Beatriz | G72: I7 AMD | H72: 5 | I72: 8GB | K72: 1 | P72: 1
C73: GGHH | D73: RRHH | E73: COMPUTADORA | F73: Tashina | G73: I5 | H73: 4 | I73: 8GB | K73: 1 | P73: 1
D74: SSOMA | E74: COMPUTADORA | F74: Adrian Gonzales | G74: I3 | H74: 4 | I74: 8GB | K74: 1 | P74: 1
C75: PRODUCCION | D75: Desarrollo | E75: COMPUTADORA | F75: Brissteh Rodriguez | G75: PENTIUM | H75: (en blanco) | I75: 4GB | J75: 1 | P75: 1
A76: Total general | J76: 10 | K76: 37 | M76: 6 | N76: 1 | P76: 54

Sheet INV20260126
A1: SEDE | B1: AREA | C1: SubArea | D1: HOSTNAME | E1: usuario | F1: Responsable | G1: Cargo | H1: Estado1 | I1: Estado2 | J1: Estado4 | K1: TipoEQ | L1: TipoDES | M1: Estado2Valor | N1: Estado3 | O1: PROCESADOR | P1: GENPROCESADOR | Q1: DESCPROCESADOR | R1: TIPO | S1: MARCA | T1: DESCPLACAMADRE | U1: RAM | V1: DESCRAM | W1: DISCO | X1: DESCDISCO | Y1: Monitor | Z1: DESCMONITOR | AA1: PERIFERICOS | AB1: Estabilizador | AC1: Observaciones
A2: 200 | B2: LOGISTICA | C2: Importaciones | D2: LAP-DAMACENG | E2: emontoya | F2: Emily Montoya | G2: Responsable | H2: Activo | I2: BUENA | J2: Pendiente | K2: Laptop | L2: i7-135620h | 16GB DDR5| SSD 512GB| 15.6FHD | M2: =VLOOKUP(TabINV2026[[#This Row],[Estado2]],Tabla!$A$2:$B$6,2,FALSE) -> 5 | N2: BUENA | O2: I5 | P2: 10 | Q2: I5-10210U | R2: LAPTOP | S2: LENOVO | T2: Laptop L15 GEN 1 | U2: 16GB | V2: 16GB 3200MHZ drr4 | W2: SATA 240GB | X2: 240 GB SSD sata | Y2: 15.6 LENOVO | Z2: 15.6"" lenovo laptop | AA2: Cargador 65W CAN ICES-3(B) Teclado logitech membrana | AB2: Forza FVR 902 | AC2: Lentitud de red, temperatura caliente por horas de uso continuo.
A3: 200 | B3: LOGISTICA | C3: Importaciones | D3: LAP-PLANNER | E3: projas | F3: Paulo Rojas | G3: Lider | H3: Activo | I3: BUENA | J3: Pendiente | K3: Laptop | L3: i7-135620h | 16GB DDR5| SSD 512GB| 15.6FHD | M3: =VLOOKUP(TabINV2026[[#This Row],[Estado2]],Tabla!$A$2:$B$6,2,FALSE) -> 5 | N3: BUENA | O3: I7 | P3: 12 | Q3: I7-12700H | R3: LAPTOP | S3: ASUS | T3: Laptop Asus Vivobook | U3: 16GB | V3: 16GB 3200MHZ DRR4 | W3: M.2 512GB | X3: NVME M.2 MTFDKBK512QFM 512GB | Y3: 15.6 LENOVO | Z3: 15.6 LAPTOP | AA3: Mouse, mousepad, Cargador ASUS AD2087320 | AB3: Forza FVR-902 | AC3: Suciedad en la laptop futuro mantenimiento.
A4: 200 | B4: LOGISTICA | C4: Importaciones | D4: PC-FACTURACION4 | E4: Lpare | F4: Luis Pare | H4: Activo | I4: BUENA | J4: Pendiente | K4: Laptop | L4: i7-135620h | 16GB DDR5| SSD 512GB| 15.6FHD | M4: =VLOOKUP(TabINV2026[[#This Row],[Estado2]],Tabla!$A$2:$B$6,2,FALSE) -> 5 | N4: BUENA | O4: I5 | P4: 11 | Q4: I5-11400 Intel | R4: COMPUTADORA | S4: COMPATIBLE | T4: B560M gigabyte | U4: 16GB | V4: 16GB 3200mhz drr4 | W4: SATA 240GB | X4: WD 2.5 ssd sata 240GB | Y4: 24 SAMSUNG | Z4: Samsung S24R35AFHN 24" | AA4: Teclado genius, mouse logitech, estabilizador | AB4: forza fvr 902 | AC4: Teclado desgastado, mouse desgastado, pc mantenimiento suciedad en todo el case
A5: 200 | B5: FINANZAS | C5: Cobranzas | D5: PC-COBRANZA3 | E5: nhuanca | F5: HUANCA HUERTO, NICOLA REYMUNDO | G5: Responsable | H5: Activo | I5: CAMBIO | J5: Pendiente | K5: Laptop | L5: i7-135620h | 16GB DDR5| SSD 512GB| 15.6FHD | M5: =VLOOKUP(TabINV2026[[#This Row],[Estado2]],Tabla!$A$2:$B$6,2,FALSE) -> 1 | N5: CAMBIO Y VENTA | O5: I3 | P5: 2 | Q5: I3-2120 intel | R5: COMPUTADORA | S5: COMPATIBLE | T5: H61M-DS2 Gigabyte | U5: 4GB | V5: 4GB 1333mhz drr3 | W5: SATA 240GB | X5: WD 2.5 240GB | Y5: 22 SAMSUNG | Z5: Samsung S22F350FHL 22" | AA5: Teclado logitech, estabilizador | AB5: Estabilizador forza fvr 902 | AC5: Lentitud de pc por componentes antiguos cambio de pc, Teclado las teclas no se ven.
A6: 200 | B6: COMERCIAL | C6: Ventas | D6: PC-TDA3 | E6: ncruz | F6: Nataly Cruz | H6: Activo | I6: CAMBIO | J6: Pendiente | K6: Laptop | L6: i7-135620h | 16GB DDR5| SSD 512GB| 15.6FHD | M6: =VLOOKUP(TabINV2026[[#This Row],[Estado2]],Tabla!$A$2:$B$6,2,FALSE) -> 1 | N6: CAMBIO Y VENTA | O6: I3 | P6: 7 | Q6: I3-7100 Intel | R6: COMPUTADORA | S6: COMPATIBLE | T6: H110M-H Gigabyte | U6: 8GB | V6: 8GB 2400 MHZ DRR4 | W6: SATA 240GB | X6: WD 2.5 240GB | Y6: 22 SAMSUNG | Z6: Samsung S22FJ350FHL | AA6: Teclado logitech, mouse logitech | AB6: Estabilizador FVR 1202USB | AC6: PC con polvo futuro mantenimiento
A7: 200 | B7: FINANZAS | C7: Cobranzas | D7: PC-CONTA3 | E7: kquispe | F7: Kristell Quispe | G7: Responsable | H7: Activo | I7: ACEPTABLE - CAMBIO | J7: Pendiente | K7: Laptop | L7: i7-135620h | 16GB DDR5| SSD 512GB| 15.6FHD | M7: =VLOOKUP(TabINV2026[[#This Row],[Estado2]],Tabla!$A$2:$B$6,2,FALSE) -> 2 | N7: CAMBIO Y VENTA | O7: I3 | P7: 7 | Q7: I3-7100 Intel | R7: COMPUTADORA | S7: COMPATIBLE | T7: Asus prime H110M-P | U7: 8GB | V7: 8GB 3200MHZ DRR4 2 módulos de 4 | W7: SATA 240GB | X7: SSD Kingston SA400S37240G 240GB | Y7: 22 SAMSUNG | Z7: Samsung F22T350FHL | AA7: Estabilizador | AB7: TAIR PLI 1100USB | AC7: PC con polvo continuo en el case, futuro mantenimiento
A8: 200 | B8: FINANZAS | C8: Cobranzas | D8: PC-COBRANZA2 | E8: wamasifuen | F8: Wilmer Amasifuen | H8: Activo | I8: CAMBIO | J8: Pendiente | K8: PC | L8: I7 12700| PLACA ASUS H610| 16 GB DDR4 (2X8)| KINGSTON 500GB NV3 M.2| CASE HALIO + FUENTE DE PODER 500W| MONITOR SAMSUNG 27" IPS 1080P | M8: =VLOOKUP(TabINV2026[[#This Row],[Estado2]],Tabla!$A$2:$B$6,2,FALSE) -> 1 | N8: CAMBIO Y VENTA | O8: I3 | P8: 4 | Q8: I3-4170 intel | R8: COMPUTADORA | S8: COMPATIBLE | T8: H810M-H Gigabyte | U8: 8GB | V8: 8GB 1600MHZ DRR3 | W8: SATA 240GB | X8: Kingston SA400S37240G 240GB | Y8: 22 SAMSUNG | Z8: S22F35FHLXPE Samsung 22" | AA8: Teclad logitech, mouse genius | AB8: Gambyte | AC8: Mantenimiento pc sucia, componentes antiguos necesita actualización de equipo, lentitud de equipo
A9: 200 | B9: FINANZAS | C9: Cobranzas | D9: PC-COBRANZA4 | E9: mpari | F9: Mirko Pari | H9: Activo | I9: OPTIMO - REPOTENCIAR | J9: Pendiente | K9: PC | L9: I7 12700| PLACA ASUS H610| 16 GB DDR4 (2X8)| KINGSTON 500GB NV3 M.2| CASE HALIO + FUENTE DE PODER 500W| MONITOR SAMSUNG 27" IPS 1080P | M9: =VLOOKUP(TabINV2026[[#This Row],[Estado2]],Tabla!$A$2:$B$6,2,FALSE) -> 3 | N9: VENTA O REPOTENCIAR | O9: I5 | P9: 11 | Q9: I5-11400 2.6 GHZ | R9: COMPUTADORA | S9: COMPATIBLE | T9: Asus prime H510M-K R2.0 | U9: 8GB | V9: 8GB 2600 MHZ drr4 | W9: SATA 240GB | X9: MSI SPATIUM 240GB | Y9: 24 SAMSUNG | Z9: S24R35AFHN Samsung 24" | AA9: Teclado genios, mouse genius, estabilizador | AB9: No cuenta | AC9: Pc sucia mantenimiento futuro
A10: 200 | B10: FINANZAS | C10: Cobranzas | D10: PC-COBRANZA1 | E10: pespejo | F10: Pedro Espejo | H10: Activo | I10: ACEPTABLE - CAMBIO | J10: Pendiente | K10: PC | L10: I7 12700| PLACA ASUS H610| 16 GB DDR4 (2X8)| KINGSTON 500GB NV3 M.2| CASE HALIO + FUENTE DE PODER 500W| MONITOR SAMSUNG 27" IPS 1080P | M10: =VLOOKUP(TabINV2026[[#This Row],[Estado2]],Tabla!$A$2:$B$6,2,FALSE) -> 2 | N10: CAMBIO Y VENTA | O10: I7 AMD | P10: 5 | Q10: A12-9800E Radeon R7, 12 compute Cores 4C+8G | R10: COMPUTADORA | S10: COMPATIBLE | T10: Asustes PRIME A320M-K | U10: 8GB | V10: 8GB 1200MHZ drr3 | W10: SATA 240GB | X10: Kingston SA400S37240G 240GB | Y10: 24 SAMSUNG | Z10: S24R35AFHN Samsung 24" | AA10: Teclado Logitech, mouse logitech | AB10: Forza FVR 902 | AC10: Mantenimiento de pc suciedad en el case y componentes
A11: 200 | B11: COMERCIAL | C11: Ventas | D11: PC-CAMPO7 | E11: jrios | F11: Eduardo Rojas | H11: Activo | I11: ACEPTABLE - CAMBIO | J11: Pendiente | K11: Laptop | L11: i7-135620h | 16GB DDR5| SSD 512GB| 15.6FHD | M11: =VLOOKUP(TabINV2026[[#This Row],[Estado2]],Tabla!$A$2:$B$6,2,FALSE) -> 2 | N11: CAMBIO Y VENTA | O11: I7 AMD | P11: 5 | Q11: A12-9800E Radeon R7, 12 COMPUTE 4C+8G | R11: COMPUTADORA | S11: COMPATIBLE | T11: Asustek Prime A320MK | U11: 8GB | V11: 8GB 1200MHZ Drr3 | W11: SATA 240GB | X11: Kingston SA400S37240G 240GB | Y11: 19 LGI | Z11: 19M38A-B LG 19" | AA11: Teclado logitech, mouse logitech, mousepad | AB11: Forza-1002 | AC11: Problemas de energía, pc mantenimiento sucio case y componentes
A12: 200 | B12: COMERCIAL | C12: Ventas | D12: LAP-VENTAS | E12: jrios | F12: Jorge Rios | G12: Ventas | H12: Activo | I12: ACEPTABLE - CAMBIO | J12: Pendiente | K12: Laptop | L12: i7-135620h | 16GB DDR5| SSD 512GB| 15.6FHD | M12: =VLOOKUP(TabINV2026[[#This Row],[Estado2]],Tabla!$A$2:$B$6,2,FALSE) -> 2 | N12: CAMBIO Y VENTA | O12: I5 | P12: 8 | Q12: I5-8265U Intel | R12: LAPTOP | S12: LENOVO | T12: Laptop ipead s340-15iwl | U12: 12GB | V12: 12GB 2400Mhz drr4 2 módulos 8 y 4 | W12: SATA 240GB | X12: Kingston SA400S37240G 240GB | Y12: 15.6 LENOVO | Z12: 15.6 | AA12: Mouse y cargador laptop lenovo | AB12: PLI 1100 USB | AC12: Visagra rota, audio desperfecto, temperatura alta futuro mantenimiento
A13: 200 | B13: COMERCIAL | C13: Ventas | D13: PC-DIGITACION2 | E13: jrashta | F13: Jhon Rashta | G13: Ventas | H13: Activo | I13: CAMBIO | J13: Pendiente | K13: Laptop | L13: i7-135620h | 16GB DDR5| SSD 512GB| 15.6FHD | M13: =VLOOKUP(TabINV2026[[#This Row],[Estado2]],Tabla!$A$2:$B$6,2,FALSE) -> 1 | N13: CAMBIO Y VENTA | O13: I5 | P13: 3 | Q13: I5-3330 intel | R13: COMPUTADORA | S13: COMPATIBLE | T13: H61H2-MV ECS | U13: 4GB | V13: 4GB drr3 1600mhz | W13: SATA 240GB | X13: Kingston SA400S37240G 240GB | Y13: 24 LGI | Z13: 24mk430h-b LG 24" | AA13: Teclado logitech, mouse logitech | AB13: TAIR PLI 1100USB | AC13: Pc con lentitud, hardaware desactualizado, monitor con raya de Led desgaste.
A14: 200 | B14: COMERCIAL | C14: Ventas | D14: PC-HORECA | E14: jroman | F14: Carlo Alva Gamarra | G14: Ventas | H14: Activo | I14: ACEPTABLE - CAMBIO | J14: Pendiente | K14: Laptop | L14: i7-135620h | 16GB DDR5| SSD 512GB| 15.6FHD | M14: =VLOOKUP(TabINV2026[[#This Row],[Estado2]],Tabla!$A$2:$B$6,2,FALSE) -> 2 | N14: CAMBIO Y VENTA | O14: I5 | P14: 6 | Q14: I5-6400 | R14: COMPUTADORA | S14: COMPATIBLE | T14: Intel B250 | U14: 8GB | V14: 8GB 2133 MHZ drr4 | W14: SATA 240GB | X14: Gigabyte GP-GSTFS31240GNTD 240GB | Y14: 19 LGI | Z14: 19M38A-B LG 19" | AA14: Teclado logitech, mouse logitech | AB14: Forza FVR 902 | AC14: Mouse problemas, mantenimeinto de pc por temperatura
A15: 200 | B15: COMERCIAL | C15: Ventas | D15: PC-DIGITACION1 | E15: rrojas | F15: Ricardo Rojas | G15: Ventas | H15: Activo | I15: CAMBIO | J15: Pendiente | K15: Laptop | L15: i7-135620h | 16GB DDR5| SSD 512GB| 15.6FHD | M15: =VLOOKUP(TabINV2026[[#This Row],[Estado2]],Tabla!$A$2:$B$6,2,FALSE) -> 1 | N15: CAMBIO Y VENTA | O15: I5 | P15: 3 | Q15: I5-3330 | R15: COMPUTADORA | S15: COMPATIBLE | T15: H61M-DS2 3.0 | U15: 4GB | V15: 4GB 1333 MHZ DRR3 | W15: SATA 240GB | X15: Kingston SA400S37240G 240GB | Y15: 24 LGI | Z15: 24mk430h-b LG 24" | AA15: Teclado genius, mouse genius | AB15: Forza FVR 902 | AC15: Teclado desgastado, cable de video y puerto y mantenimeinto de pc por temperatura falta
A16: 200 | B16: COMERCIAL | C16: Ventas | D16: PC-PROVINCIAS | E16: vgutierrez | F16: Virgilio gutierrez | G16: Ventas | H16: Activo | I16: ACEPTABLE - CAMBIO | J16: Pendiente | K16: Laptop | L16: i7-135620h | 16GB DDR5| SSD 512GB| 15.6FHD | M16: =VLOOKUP(TabINV2026[[#This Row],[Estado2]],Tabla!$A$2:$B$6,2,FALSE) -> 2 | N16: CAMBIO Y VENTA | O16: I3 | P16: 7 | Q16: I3-7100U | R16: NUC | S16: INTEL | T16: NUC7i3BNB | U16: 8GB | V16: 8GB 2133 MHZ drr4 | W16: SATA 240GB | X16: Kingston SA400S37240G 240GB | Y16: 22 LGI | Z16: 22MK400H-B LG | AA16: Logitech teclado, genius mouse | AB16: CDP RU-AVR | AC16: Mantenimiento su mini PC
A17: 200 | B17: COMERCIAL | C17: Ventas | D17: PC-VENTAS4 | E17: jbarboza | F17: Jhonny Davila | H17: Activo | I17: ACEPTABLE - CAMBIO | J17: Pendiente | K17: Laptop | L17: i7-135620h | 16GB DDR5| SSD 512GB| 15.6FHD | M17: =VLOOKUP(TabINV2026[[#This Row],[Estado2]],Tabla!$A$2:$B$6,2,FALSE) -> 2 | N17: CAMBIO Y VENTA | O17: I7 | P17: 4 | Q17: I7-4790 | R17: COMPUTADORA | S17: COMPATIBLE | T17: H810M-H Gigabyte | U17: 8GB | V17: 8GB 1600 MHZ DDR3 | W17: SATA 240GB | X17: Gigabyte GP-GSTF31240GNTD | Y17: 19 LGI | Z17: 19M37A-B LG | AA17: Teclado genius, mouse Genius | AB17: Corriente directa | AC17: Mantenimeinto de pc, cambio de teclado y mouse desgaste
A18: 200 | B18: COMERCIAL | C18: Ventas | D18: PC-ALMACEN1 | E18: jpaz | F18: Jefferson Paz | G18: Ventas | H18: Activo | I18: ACEPTABLE - CAMBIO | J18: Pendiente | K18: Laptop | L18: i7-135620h | 16GB DDR5| SSD 512GB| 15.6FHD | M18: =VLOOKUP(TabINV2026[[#This Row],[Estado2]],Tabla!$A$2:$B$6,2,FALSE) -> 2 | N18: CAMBIO Y VENTA | O18: I3 | P18: 7 | Q18: I3-7100 | R18: COMPUTADORA | S18: COMPATIBLE | T18: Asustek Prime H110M-P | U18: 8GB | V18: 8GB 2400mhz DDR4 | W18: SATA 240GB | X18: WD 2.5 240GB | Y18: 24 LGI | Z18: 24mk430h-b LG 24" | AA18: Teclado logitech, mouse genius | AB18: UPS BX800L-MS | AC18: Congelamiento con pc, mantenimiento pc, Teclado esta mal.
A19: 200 | B19: COMERCIAL | C19: Ventas | D19: PC-MAYORISTA2 | E19: jgonzales | F19: Juditza Gonzales | H19: Activo | I19: ACEPTABLE - CAMBIO | J19: Pendiente | K19: PC | L19: I7 12700| PLACA ASUS H610| 16 GB DDR4 (2X8)| KINGSTON 500GB NV3 M.2| CASE HALIO + FUENTE DE PODER 500W| MONITOR SAMSUNG 27" IPS 1080P | M19: =VLOOKUP(TabINV2026[[#This Row],[Estado2]],Tabla!$A$2:$B$6,2,FALSE) -> 2 | N19: CAMBIO Y VENTA | O19: I3 | P19: 7 | Q19: I3-7100U | R19: NUC | S19: INTEL | T19: NUC7I3BNB intel | U19: 8GB | V19: 8GB 2100MHZ DDR4 | W19: SATA 240GB | X19: Kingston SA400S37240G 240GB | Y19: 24 SAMSUNG | Z19: S24R35AFHN Samsung 24" | AA19: Teclado logitech, Mouse logitech | AB19: UPS SPS ONE SALICRU, | AC19: Mantenimeinto pc físico y digital
A20: 200 | B20: COMERCIAL | C20: Ventas | D20: PC-VENTAS2 | E20: rmorante | F20: Rosselyn Morante | H20: Activo | I20: ACEPTABLE - CAMBIO | J20: Pendiente | K20: PC | L20: I7 12700| PLACA ASUS H610| 16 GB DDR4 (2X8)| KINGSTON 500GB NV3 M.2| CASE HALIO + FUENTE DE PODER 500W| MONITOR SAMSUNG 27" IPS 1080P | M20: =VLOOKUP(TabINV2026[[#This Row],[Estado2]],Tabla!$A$2:$B$6,2,FALSE) -> 2 | N20: CAMBIO Y VENTA | O20: I5 | P20: 6 | Q20: I5-6400 | R20: COMPUTADORA | S20: COMPATIBLE | T20: H110M-H-CF | U20: 8GB | V20: 8GB 2100MHZ DDR4 | W20: SATA 240GB | X20: WD 2.5 240GB | Y20: 22 LGI | Z20: 22M38H-B LG | AA20: Teclado genius, mouse genius | AB20: UPS SALICRU SPS ONE, forza fvr 1110 | AC20: Fuente de poder ventilador no funciona, mantenimiento a pc general
A21: 200 | B21: COMERCIAL | C21: Ventas | D21: PC-SISTEMAS2 | E21: jbarboza | F21: Alexandra Roman | G21: Ventas | H21: Activo | I21: BUENA | J21: Pendiente | K21: Laptop | L21: i7-135620h | 16GB DDR5| SSD 512GB| 15.6FHD | M21: =VLOOKUP(TabINV2026[[#This Row],[Estado2]],Tabla!$A$2:$B$6,2,FALSE) -> 5 | N21: BUENA | O21: I7 | P21: 11 | Q21: I7-11700 | R21: COMPUTADORA | S21: COMPATIBLE | T21: B560M D3SH | U21: 16GB | V21: 16GB 2666MHZ DDR4 | W21: SATA 500GB | X21: CT500P2SSD8 500GB | Y21: 24 SAMSUNG | Z21: S24R35AFHN Samsung 24" | AA21: Logitech Teclado, Mouse genius | AB21: UPS SALICRU SPS ONE | AC21: Mantenimiento PC temperatura alta
A22: 200 | B22: COMERCIAL | C22: Ventas | D22: PC-VENTAS3 | E22: lquispe | F22: Lesly Quispe | G22: Ventas | H22: Activo | I22: BUENA | J22: Pendiente | K22: Laptop | L22: i7-135620h | 16GB DDR5| SSD 512GB| 15.6FHD | M22: =VLOOKUP(TabINV2026[[#This Row],[Estado2]],Tabla!$A$2:$B$6,2,FALSE) -> 5 | N22: BUENA | O22: I7 | P22: 11 | Q22: I7-11700 | R22: COMPUTADORA | S22: COMPATIBLE | T22: B560M Gaming HD Gigabyte | U22: 16GB | V22: 16GB 2666MHZ DDR4 | W22: M.2 512GB | X22: DAHUA C900 2280 NVME 512GB M.2 | Y22: 24 LGI | Z22: 24MK430H-B LG 24" | AA22: Teclado logitech, mouse Logitech | AB22: UPS SALICRU SPS ONE | AC22: Mantenimiento PC temperatura alta
A23: 200 | B23: COMERCIAL | C23: Ventas | D23: PC-PROVINCIA2 | E23: wvasquez | F23: Walter Vasquez | G23: Ventas | H23: Activo | I23: OPTIMO - REPOTENCIAR | J23: Pendiente | K23: Laptop | L23: i7-135620h | 16GB DDR5| SSD 512GB| 15.6FHD | M23: =VLOOKUP(TabINV2026[[#This Row],[Estado2]],Tabla!$A$2:$B$6,2,FALSE) -> 3 | N23: VENTA O REPOTENCIAR | O23: I5 | P23: 10 | Q23: I5-10400F | R23: COMPUTADORA | S23: COMPATIBLE | T23: H410M S2H V2 | U23: 8GB | V23: 8GB 2600 MHZ DDR4 | W23: SATA 480GB | X23: CT480BX500SSD1 480 SSD | Y23: 24 SAMSUNG | Z23: F24T350FHL Samsung 24" | AA23: Teclado logitech, Mouse logitech | AB23: Forza FVR 902 | AC23: Insuficiente memoria ram, se apaga solo, mantenimiento pc por temperatura.
A24: 200 | B24: CONTABILIDAD | C24: Contabilidad | D24: PC-IMPORTACIONES2 | E24: acontable | F24: Merly Flores | H24: Activo | I24: OPTIMO - REPOTENCIAR | J24: Pendiente | K24: PC | L24: I7 12700| PLACA ASUS H610| 16 GB DDR4 (2X8)| KINGSTON 500GB NV3 M.2| CASE HALIO + FUENTE DE PODER 500W| MONITOR SAMSUNG 27" IPS 1080P | M24: =VLOOKUP(TabINV2026[[#This Row],[Estado2]],Tabla!$A$2:$B$6,2,FALSE) -> 3 | N24: VENTA O REPOTENCIAR | O24: I5 | P24: 11 | Q24: I5-11400 | R24: COMPUTADORA | S24: COMPATIBLE | T24: PRIME H510M-K R2.0 | U24: 8GB | V24: 8GB 2666MHZ DDR4 | W24: SATA 240GB | X24: Kingston SA400S37240G 240GB | Y24: 20 LGI | Z24: 20M47A-B LG | AA24: Teclado genius, mouse logitech | AB24: Gambyte | AC24: Insuficiente memoria ram, mantenimiento por temperatura alta
A25: 200 | B25: FINANZAS | C25: Contabilidad | D25: PC-CONTA5 | E25: msanchez | F25: SANCHEZ CAMINO MARIA VALERY | G25: asistente de contabilidad | H25: Activo | I25: CAMBIO | J25: Pendiente | K25: PC | L25: I7 12700| PLACA ASUS H610| 16 GB DDR4 (2X8)| KINGSTON 500GB NV3 M.2| CASE HALIO + FUENTE DE PODER 500W| MONITOR SAMSUNG 27" IPS 1080P | M25: =VLOOKUP(TabINV2026[[#This Row],[Estado2]],Tabla!$A$2:$B$6,2,FALSE) -> 1 | N25: CAMBIO Y VENTA | O25: I7 AMD | P25: 5 | Q25: AMD A12 9800E-9800 | R25: COMPUTADORA | S25: COMPATIBLE | T25: Prime A320M-K | U25: 8GB | V25: 8GB 1200MHZ DDR3 | W25: SATA 240GB | X25: WD 2.5 GREEN 240GB | Y25: 24 SAMSUNG | Z25: S24R35AFHN Samsung 24" | AA25: Teclado genius, mouse genius | AB25: Quedar modelo | AC25: Mantenimeinto pc, componentes obsoletos
A26: 200 | B26: CONTABILIDAD | C26: Contabilidad | D26: PC-CONTA2 | E26: acontable | F26: FLORES RUBIN JACKELINE MERLY | G26: Asistente contable | H26: Activo | I26: CAMBIO | J26: Pendiente | K26: PC | L26: I7 12700| PLACA ASUS H610| 16 GB DDR4 (2X8)| KINGSTON 500GB NV3 M.2| CASE HALIO + FUENTE DE PODER 500W| MONITOR SAMSUNG 27" IPS 1080P | M26: =VLOOKUP(TabINV2026[[#This Row],[Estado2]],Tabla!$A$2:$B$6,2,FALSE) -> 1 | N26: CAMBIO Y VENTA | O26: I3 | P26: 4 | Q26: I3-4160 | R26: COMPUTADORA | S26: COMPATIBLE | T26: H810M-H Gigabyte | U26: 4GB | V26: 4GB 1600MHZ DDR3 | W26: SATA 240GB | X26: WD 2.5 Green 240GB | Y26: 22 LGI | Z26: 22MK400H-B LG 22"" | AA26: Teclado logitech, mouse genius | AB26: Forza FVR 902 | AC26: Mantenimiento pc, ampliación de memoria ram insuficiente
A27: 200 | B27: FINANZAS | C27: Contabilidad | D27: PC-CONTA6 | E27: acostos | F27: Beatriz | H27: Activo | I27: CAMBIO | J27: Pendiente | K27: PC | L27: I7 12700| PLACA ASUS H610| 16 GB DDR4 (2X8)| KINGSTON 500GB NV3 M.2| CASE HALIO + FUENTE DE PODER 500W| MONITOR SAMSUNG 27" IPS 1080P | M27: =VLOOKUP(TabINV2026[[#This Row],[Estado2]],Tabla!$A$2:$B$6,2,FALSE) -> 1 | N27: CAMBIO Y VENTA | O27: I7 AMD | P27: 5 | Q27: AMD A12-9800E Radeon R7 12 Compute cores 4c+8G | R27: COMPUTADORA | S27: COMPATIBLE | T27: Prime A320M-K | U27: 8GB | V27: 8GB 1200MHZ DDR3 | W27: SATA 240GB | X27: Kingston SA400S37240G 240GB | Y27: 22 LGI | Z27: 22M38H-B LG 22" | AA27: Teclado genius, mouse logitech | AB27: Forza FVR 902 | AC27: Lentitud ordenador urgente, cuelgue de la maquina constante, mantenimiento ordenador.
A28: 200 | B28: FINANZAS | C28: Contabilidad | D28: PC-FINANZAS | E28: vortiz | F28: Victor Ortiz | G28: Lider | H28: Activo | I28: OPTIMO - REPOTENCIAR | J28: Pendiente | K28: PC | L28: I7 12700| PLACA ASUS H610| 16 GB DDR4 (2X8)| KINGSTON 500GB NV3 M.2| CASE HALIO + FUENTE DE PODER 500W| MONITOR SAMSUNG 27" IPS 1080P | M28: =VLOOKUP(TabINV2026[[#This Row],[Estado2]],Tabla!$A$2:$B$6,2,FALSE) -> 3 | N28: VENTA O REPOTENCIAR | O28: I5 | P28: 9 | Q28: I5-9400F | R28: COMPUTADORA | S28: COMPATIBLE | T28: H310M H 2m0 | U28: 8GB | V28: 8GB 2666MHZ DDR4 | W28: SATA 480GB | X28: WDC WDS480G2G0A-00JH30 480GB | Y28: 22 SAMSUNG | Z28: S22F35FHLXPE Samsung 22" | AA28: Teclado genius, mouse logitech | AB28: Estabilizador | AC28: Lentitud ordenador, mantenimiento y upgrade memoria ram
A29: 200 | B29: COMERCIAL | C29: Marketing | D29: PC-MARKETING | E29: fleon | F29: Alexander Flores | G29: Responsable | H29: Activo | I29: BUENA - REPOTENCIAR | J29: Pendiente | K29: Laptop | L29: i7-135620h | 16GB DDR5| SSD 512GB| 15.6FHD | M29: =VLOOKUP(TabINV2026[[#This Row],[Estado2]],Tabla!$A$2:$B$6,2,FALSE) -> 4 | N29: BUENA | O29: I7 | P29: 11 | Q29: I7-11700 | R29: COMPUTADORA | S29: COMPATIBLE | T29: B560M Gigabyte | U29: 16GB | V29: 16GB | W29: SATA 500GB | X29: SSD 500 CT480BX500SSD1 | Y29: 24 SAMSUNG | Z29: FN24T350FHL, SAMSUNG, 24" | AA29: Mouse genius y teclado genius | AB29: FORZA FVR 902 | AC29: Pantallazo Azul, tiene freeze el ordenador, memoria ram un modulo defectuosa, ya que es una compatible y no original
A30: 200 | B30: COMERCIAL | C30: Ventas | D30: LAP-FINANZAS | E30: jquiroz | F30: Juan Pablo Quiroz Auqui | G30: Lider | H30: Activo | I30: BUENA | J30: Pendiente | K30: Laptop | L30: i7-135620h | 16GB DDR5| SSD 512GB| 15.6FHD | M30: =VLOOKUP(TabINV2026[[#This Row],[Estado2]],Tabla!$A$2:$B$6,2,FALSE) -> 5 | N30: BUENA | O30: I7 | P30: 12 | Q30: I7-1255U | R30: LAPTOP | S30: DELL | T30: LAPTOP DELL INSPIRION15 3520 | U30: 16GB | V30: 16GB | W30: M.2 1024GB | X30: NVME BG6 KIOXIA 1024GB | Y30: 15.6" DELL | Z30: 15.6" | AA30: CARGADOR DELL (19.5V - 3.34A – 65.0W) | AB30: no | AC30: Visagra reparada, se requiere tener cuidado y hacerle mantenimiento con observaciones constantes
A31: 200 | B31: GGHH | C31: SSOMA | D31: PC-SSOMA | E31: agonzales | F31: Adrian Gonzales | G31: Responsable | H31: Activo | I31: CAMBIO | J31: Pendiente | K31: PC | L31: I7 12700| PLACA ASUS H610| 16 GB DDR4 (2X8)| KINGSTON 500GB NV3 M.2| CASE HALIO + FUENTE DE PODER 500W| MONITOR SAMSUNG 27" IPS 1080P | M31: =VLOOKUP(TabINV2026[[#This Row],[Estado2]],Tabla!$A$2:$B$6,2,FALSE) -> 1 | N31: CAMBIO Y VENTA | O31: I3 | P31: 4 | Q31: I3-4170 | R31: COMPUTADORA | S31: COMPATIBLE | T31: H810M-H | U31: 8GB | V31: 8GB 1600MHZ DDR3 | W31: SATA 240GB | X31: Kingston SA400S37240G 240GB | Y31: 19 LGI | Z31: 19M38A-B LG 19" | AA31: Teclado y mouse | AB31: Forza FVR 902 | AC31: Pc lenta, memoria ram insuficiente
A32: 200 | B32: GGHH | C32: RRHH | D32: PC-RRHH | E32: usuariorh | F32: Tashina | H32: Activo | I32: CAMBIO | J32: Pendiente | K32: PC | L32: I7 12700| PLACA ASUS H610| 16 GB DDR4 (2X8)| KINGSTON 500GB NV3 M.2| CASE HALIO + FUENTE DE PODER 500W| MONITOR SAMSUNG 27" IPS 1080P | M32: =VLOOKUP(TabINV2026[[#This Row],[Estado2]],Tabla!$A$2:$B$6,2,FALSE) -> 1 | N32: CAMBIO Y VENTA | O32: I5 | P32: 4 | Q32: I5-4440 | R32: COMPUTADORA | S32: COMPATIBLE | T32: H81M-S1 | U32: 8GB | V32: 8GB 1600MHZ DDR3 | W32: SATA 240GB | X32: Kingston SA400S37240G 240GB | Y32: 19 LGI | Z32: 19M38A-B LG 19" | AA32: Teclado genius, Mouse Genius | AB32: Forza FVR 902 | AC32: Lentitud por falta de memoria ram
A33: 200 | B33: GGHH | C33: RRHH | D33: PC-GGHH | E33: sysla | F33: Sandra Ysla | G33: Lider | H33: Activo | I33: OPTIMO - REPOTENCIAR | J33: Pendiente | K33: Laptop | L33: i7-135620h | 16GB DDR5| SSD 512GB| 15.6FHD | M33: =VLOOKUP(TabINV2026[[#This Row],[Estado2]],Tabla!$A$2:$B$6,2,FALSE) -> 3 | N33: VENTA O REPOTENCIAR | O33: I5 | P33: 11 | Q33: I5-11400F | R33: COMPUTADORA | S33: COMPATIBLE | T33: H510M-VHS Asrock | U33: 8GB | V33: 8GB DDR4 3200mhz | W33: SATA 500GB | X33: CT240XBX500SSD1 500GB | Y33: 22 SAMSUNG | Z33: LF22T350FHLXPE SAMSUNG 22" | AA33: Teclado logitech, mouse logitech | AB33: Forza FVR 902 | AC33: Lentitud memoria ram corto, mantenimiento PC
A34: 200 | B34: GGHH | C34: RRHH | D34: LAP-RRHH | E34: eore | F34: Eric Ore | H34: Activo | I34: ACEPTABLE - CAMBIO | J34: Pendiente | K34: Laptop | L34: i7-135620h | 16GB DDR5| SSD 512GB| 15.6FHD | M34: =VLOOKUP(TabINV2026[[#This Row],[Estado2]],Tabla!$A$2:$B$6,2,FALSE) -> 2 | N34: CAMBIO Y VENTA | O34: I3 | P34: 10 | Q34: I3-1005G1 | R34: LAPTOP | S34: LENOVO | T34: Lenovo IPEAD S145IIL | U34: 8GB | V34: 8GB 2400MHZ DDR4 | W34: SATA 240GB | X34: SSD GIGABYTE GP-GSTFST31240GNTD | Y34: 22 LGI | Z34: 22MN430M-B LG 22" | AA34: Teclado genius y mouse logitech | AB34: Corriente directa | AC34: Temperatura laptop mantenimiento
A35: 177 | B35: CONTABILIDAD | C35: Facturacion | D35: PC-DIGITACION3 | E35: bcruz | F35: Frank Culqui Condor | H35: Activo | I35: BUENA | J35: Pendiente | K35: PC | L35: I7 12700| PLACA ASUS H610| 16 GB DDR4 (2X8)| KINGSTON 500GB NV3 M.2| CASE HALIO + FUENTE DE PODER 500W| MONITOR SAMSUNG 27" IPS 1080P | M35: =VLOOKUP(TabINV2026[[#This Row],[Estado2]],Tabla!$A$2:$B$6,2,FALSE) -> 5 | N35: BUENA | O35: I5 | P35: 11 | Q35: I5-11400 | R35: COMPUTADORA | S35: COMPATIBLE | T35: B560M GAMING HD | U35: 16GB | V35: 16GB 3200MHZ DRR4 | W35: M.2 512GB | X35: Dahua C900 M.2 2280 NVME 512GB SSD | Y35: 24 SAMSUNG | Z35: S24R35AFHN Samsung 24" | AA35: Teclado logitech, mouse logitech | AB35: Forza FVR 902 | AC35: Insuficiente memoria ram, temperatura alta en pc
A36: 177 | B36: LOGISTICA | C36: Almacen | D36: PC-DIGITACION4 | E36: laraujo | F36: Joseph Rashta | H36: Activo | I36: BUENA | J36: Pendiente | K36: PC | L36: I7 12700| PLACA ASUS H610| 16 GB DDR4 (2X8)| KINGSTON 500GB NV3 M.2| CASE HALIO + FUENTE DE PODER 500W| MONITOR SAMSUNG 27" IPS 1080P | M36: =VLOOKUP(TabINV2026[[#This Row],[Estado2]],Tabla!$A$2:$B$6,2,FALSE) -> 5 | N36: BUENA | O36: I5 | P36: 11 | Q36: I5-11400 | R36: COMPUTADORA | S36: COMPATIBLE | T36: B560M Gaming HD | U36: 16GB | V36: 16GB 3200MHZ DDR4 | W36: M.2 512GB | X36: Dahua C900 M.2 2280 NVME 512GB | Y36: 24 SAMSUNG | Z36: S24R35AFHN Samsung 24" | AA36: Teclado logitech, mouse logitech | AB36: Forza FVR 902 | AC36: Temperatura pc alta
A37: 177 | B37: LOGISTICA | C37: Almacen | D37: LAP-CONTADORG | E37: udigitacion | F37: Juan Carlos | H37: Activo | I37: OPTIMO - REPOTENCIAR | J37: Pendiente | K37: PC | L37: I7 12700| PLACA ASUS H610| 16 GB DDR4 (2X8)| KINGSTON 500GB NV3 M.2| CASE HALIO + FUENTE DE PODER 500W| MONITOR SAMSUNG 27" IPS 1080P | M37: =VLOOKUP(TabINV2026[[#This Row],[Estado2]],Tabla!$A$2:$B$6,2,FALSE) -> 3 | N37: VENTA O REPOTENCIAR | O37: I5 | P37: 12 | Q37: I5-1235U | R37: LAPTOP | S37: DELL | T37: DELL Inspiron 15 | U37: 8GB | V37: 8GB 3200mhz DDR4 | W37: M.2 512GB | X37: NVME 2400A NVME Micron 512GB | Y37: 15 LENOVO | Z37: Laptop lenovo DELL inspiron 15 | AA37: Mouse genius, mousepad | AB37: Estabilizador FVR 902 | AC37: Temperatura alta
A38: 177 | B38: CONTABILIDAD | C38: Facturacion | D38: PC-IMPORTACIONES3 | E38: bcruz | F38: Rafael casaguaypa | H38: Activo | I38: ACEPTABLE - CAMBIO | J38: Pendiente | K38: PC | L38: I7 12700| PLACA ASUS H610| 16 GB DDR4 (2X8)| KINGSTON 500GB NV3 M.2| CASE HALIO + FUENTE DE PODER 500W| MONITOR SAMSUNG 27" IPS 1080P | M38: =VLOOKUP(TabINV2026[[#This Row],[Estado2]],Tabla!$A$2:$B$6,2,FALSE) -> 2 | N38: CAMBIO Y VENTA | O38: I7 AMD | P38: 5 | Q38: AMD A12 9800E RADEON R7 12 COMPUTER | R38: COMPUTADORA | S38: COMPATIBLE | U38: 8GB | V38: 8GB DDR3 1200MHZ | W38: SATA 240GB | X38: Kingston SA400S37240G 240GB | Y38: 24 SAMSUNG | Z38: S24R35AFHN Samsung 24" | AA38: Teclado logitech, mouse logitech | AB38: Forza FVR 902 | AC38: Cambio de pc, lentitud y temperatura alta
A39: 177 | B39: LOGISTICA | C39: Almacen | D39: PC-COORDINADOR2 | E39: mcondori | F39: Omar Cruz | H39: Activo | I39: BUENA | J39: Pendiente | K39: PC | L39: I7 12700| PLACA ASUS H610| 16 GB DDR4 (2X8)| KINGSTON 500GB NV3 M.2| CASE HALIO + FUENTE DE PODER 500W| MONITOR SAMSUNG 27" IPS 1080P | M39: =VLOOKUP(TabINV2026[[#This Row],[Estado2]],Tabla!$A$2:$B$6,2,FALSE) -> 5 | N39: BUENA | O39: I5 | P39: 11 | Q39: I5-11400 | R39: COMPUTADORA | S39: COMPATIBLE | T39: B560M Gaming HD | U39: 16GB | V39: 16GB 3200mhz ddr4 | W39: M.2 512GB | X39: Dahua C900 M.2 2280 NVME 512GB | Y39: 22 LGI | Z39: 22MN430M-B LG 22" | AA39: Teclado genius y mouse genius | AB39: De kriss mismo modelo | AC39: Temperatura alta y cambio de periféricos
A40: 177 | B40: LOGISTICA | C40: Despacho | D40: LAP-SOPORTE | E40: usudespacho | F40: Jeferson Amaro | H40: Activo | I40: BUENA | J40: Pendiente | K40: Laptop | L40: i7-135620h | 16GB DDR5| SSD 512GB| 15.6FHD | M40: =VLOOKUP(TabINV2026[[#This Row],[Estado2]],Tabla!$A$2:$B$6,2,FALSE) -> 5 | N40: BUENA | O40: I7 | P40: 7 | Q40: I7-7500U | R40: LAPTOP | S40: LENOVO | T40: Lenovo thinkpad 20J9S04A00 | U40: 16GB | V40: 16GB drr4 2400mhz | W40: SATA 240GB | X40: WD 2.5 240GB green | Y40: 15.6 LENOVO | Z40: 15.6 " | AA40: Mouse genius y cargador de laptop | AB40: Forza AVR 902 | AC40: Mantenimiento
A41: 177 | B41: CALIDAD | C41: Calidad | D41: LAP-GERENCIA2 | E41: dlopez | F41: Deysi Lopez | G41: Lider | H41: Activo | I41: BUENA | J41: Pendiente | K41: Laptop | L41: i7-135620h | 16GB DDR5| SSD 512GB| 15.6FHD | M41: =VLOOKUP(TabINV2026[[#This Row],[Estado2]],Tabla!$A$2:$B$6,2,FALSE) -> 5 | N41: BUENA | O41: I7 | P41: 12 | Q41: I7-1255U | R41: LAPTOP | S41: DELL | T41: DELL INSPIRON 15 | U41: 16GB | V41: 16GB DRR4 3200MHZ | W41: M.2 1024GB | X41: Nvme BG6KIOXIA 1024GB | Y41: 15.6 DELL | Z41: 15.6" | AA41: Mouse logitech y mousepad | AB41: Estabilizador FVR 902 | AC41: Ningun9
A42: 177 | B42: CALIDAD | C42: Calidad | D42: PC-DESARROLLO1 | E42: mmoran | F42: Gustavo Silva | H42: Activo | I42: OPTIMO - REPOTENCIAR | J42: Pendiente | K42: PC | L42: I7 12700| PLACA ASUS H610| 16 GB DDR4 (2X8)| KINGSTON 500GB NV3 M.2| CASE HALIO + FUENTE DE PODER 500W| MONITOR SAMSUNG 27" IPS 1080P | M42: =VLOOKUP(TabINV2026[[#This Row],[Estado2]],Tabla!$A$2:$B$6,2,FALSE) -> 3 | N42: VENTA O REPOTENCIAR | O42: I5 | P42: 11 | Q42: I5-11400F | R42: COMPUTADORA | S42: COMPATIBLE | T42: Asrock H510M-HVS | U42: 8GB | V42: 8GB 3200MHZ DDR4 | W42: SATA 500GB | X42: CT240VX500SSD1 500GB | Y42: 22 SAMSUNG | Z42: LF22T350FHLXPE SAMSUNG 22" | AA42: Mouse teclado logitech | AB42: Forza FVR 902 | AC42: Mantenimiento pc
A43: 177 | B43: CALIDAD | C43: Calidad | D43: PC-FACTURACION3 | E43: mmoran | F43: Maria Moran | G43: Responsable | H43: Activo | I43: BUENA | J43: Pendiente | K43: PC | L43: I7 12700| PLACA ASUS H610| 16 GB DDR4 (2X8)| KINGSTON 500GB NV3 M.2| CASE HALIO + FUENTE DE PODER 500W| MONITOR SAMSUNG 27" IPS 1080P | M43: =VLOOKUP(TabINV2026[[#This Row],[Estado2]],Tabla!$A$2:$B$6,2,FALSE) -> 5 | N43: BUENA | O43: I5 | P43: 11 | Q43: I5-11400 | R43: COMPUTADORA | S43: COMPATIBLE | T43: B560M Gaming HD | U43: 16GB | V43: 16GB 3200mhz DDR4 | W43: SATA 240GB | X43: Gigabyte GP-GSTFS31240GNTD | Y43: 19 LGI | Z43: 19M38A-B LG | AA43: Mouse Logitech y mouse logitech | AB43: Forza FVR 902 | AC43: Mantenimiento PC
A44: 177 | B44: PRODUCCION | C44: Desarrollo | D44: PC-DESARROLLO2 | E44: brodriguez | F44: Brissteh Rodriguez | H44: Activo | I44: CAMBIO | J44: Pendiente | K44: Laptop | L44: i7-135620h | 16GB DDR5| SSD 512GB| 15.6FHD | M44: =VLOOKUP(TabINV2026[[#This Row],[Estado2]],Tabla!$A$2:$B$6,2,FALSE) -> 1 | N44: CAMBIO Y VENTA | O44: PENTIUM | Q44: Intel pentium G2010 | R44: COMPUTADORA | S44: COMPATIBLE | T44: Foxconn H61MXE | U44: 4GB | V44: 4GB DDR3 1200MHZ | W44: SATA 240GB | X44: Kingston SA400S37240G 240GB | Y44: 22 LGI | Z44: 22MN430M-B LG 22" | AA44: Mouse y teclado logitech | AB44: Forza FVR 902 | AC44: Cambio de pc lento
A45: CAMBIO | B45: COMERCIAL | C45: Ventas | D45: COMPUTADORA | E45: Jhon Rashta | F45: I5 | G45: 3 | H45: 4GB | J45: 1 | K45: 1 | L45: RYZEN 7-7735HS | 16GB DDR5| SSD 512GB| 15.6FHD | M45: =VLOOKUP(TabINV2026[[#This Row],[Estado2]],Tabla!$A$2:$B$6,2,FALSE) -> #N/A | N45: CAMBIO Y VENTA | O45: RYZEN 7 | P45: 7 | Q45: RYZEN 7-7735HS | R45: LAPTOP | S45: ASUS | T45: ASUS EXPERTBOOK P1 P1503CVA-S71410 | U45: 16GB | V45: 16GB 5200 MHZ DDR5 | W45: M.2 512GB | X45: NVME 512GB | Y45: 15.6" ASUS | Z45: 15.6" ASUS | AB45: FORZA FVR
E46: Nataly Cruz | F46: I3 | G46: 7 | H46: 8GB | J46: 1 | K46: 1 | L46: i7-135620h | 16GB DDR5| SSD 512GB| 15.6FHD | M46: =VLOOKUP(TabINV2026[[#This Row],[Estado2]],Tabla!$A$2:$B$6,2,FALSE) -> #N/A | N46: BUENA | O46: I7 | P46: 11 | Q46: I7-11700 | R46: COMPUTADORA | S46: COMPATIBLE | T46: B560M Gaming HD | U46: 16GB | V46: 16GB 3200MHZ | W46: M.2 500GB | X46: Kingston SNV2S500G 500GB | Y46: 22 SAMSUNG | Z46: S22F355FHL SAMSUNG | AA46: Teclado logitech y mouse thunderbolt | AB46: Forza FVR 902 | AC46: Mantenimiento PC
E47: Ricardo Rojas | F47: I5 | G47: 3 | H47: 4GB | J47: 1 | K47: 1 | L47: i7-135620h | 16GB DDR5| SSD 512GB| 15.6FHD | M47: =VLOOKUP(TabINV2026[[#This Row],[Estado2]],Tabla!$A$2:$B$6,2,FALSE) -> #N/A | N47: BUENA | O47: I7 | P47: 11 | Q47: I7-11700 | R47: COMPUTADORA | S47: COMPATIBLE | T47: B560M Gaming HD | U47: 16GB | V47: 16GB 3200MHZ DDR4 | W47: M.2 500GB | X47: PNY CS1031 500GB | Y47: 24 SAMSUNG | Z47: S24R35AFHN Samsung 24" | AA47: Teclado logitech, Mouse logitech mousepad | AB47: Forza FVR 902 | AC47: Ninguno
E48: Mirian Rosa Flores Fernandez | F48: I3 | G48: 7 | H48: 8GB | J48: 1 | K48: 1 | L48: I7 12700| PLACA ASUS H610| 16 GB DDR4 (2X8)| KINGSTON 500GB NV3 M.2| CASE HALIO + FUENTE DE PODER 500W| MONITOR SAMSUNG 27" IPS 1080P | M48: =VLOOKUP(TabINV2026[[#This Row],[Estado2]],Tabla!$A$2:$B$6,2,FALSE) -> #N/A | N48: VENTA O REPOTENCIAR | O48: I5 | P48: 11 | Q48: I5-11400F | R48: COMPUTADORA | S48: COMPATIBLE | T48: Asrock H510M-HVS | U48: 8GB | V48: 8GB 3200MHZ DDR4 | W48: SATA 240GB | X48: Wd 2.5 240GB green | AA48: Teclado genius, Mouse genius | AB48: Cdp RU-AVR604I | AC48: Mantenimiento pc
E49: Xiomara Asunción Castañeda Santiago | F49: I5 | G49: 3 | H49: 6GB | J49: 1 | K49: 1 | L49: i7-135620h | 16GB DDR5| SSD 512GB| 15.6FHD | M49: =VLOOKUP(TabINV2026[[#This Row],[Estado2]],Tabla!$A$2:$B$6,2,FALSE) -> #N/A | N49: VENTA O REPOTENCIAR | O49: I5 | P49: 10 | Q49: i5-10400 | R49: COMPUTADORA | S49: COMPATIBLE | T49: H410M S2H V2 | U49: 8GB | V49: 8GB 2666MHZ DDR4 | W49: SATA 240GB | X49: WD 2.5 Green 240GB | Y49: 22 LGI | Z49: 22MK430M-B LG 22" | AA49: Teclado micronics, Mouse genius | AB49: Forza FVR 902 | AC49: Mantenimiento pc y cambio de periféricos
E50: Jhonny Cristopher Davila Rivera | F50: I7 | G50: 4 | H50: 8GB | J50: 1 | K50: 1 | L50: i7-135620h | 16GB DDR5| SSD 512GB| 15.6FHD | M50: =VLOOKUP(TabINV2026[[#This Row],[Estado2]],Tabla!$A$2:$B$6,2,FALSE) -> #N/A | N50: BUENA | O50: I7 | P50: 11 | Q50: I7-11700 | R50: COMPUTADORA | S50: COMPATIBLE | T50: B560M Gigabyte | U50: 16GB | V50: 16GB 3200MHZ DRR4 | W50: M.2 512GB | X50: SSD NVME m.2 512GB | Y50: 24 LGI | Z50: 24MK430H-B, LG, 24" | AA50: Teclado Logitech, mouse logitech | AB50: Forza FVR 902
B51: CONTABILIDAD | C51: Contabilidad | D51: COMPUTADORA | E51: FLORES RUBIN JACKELINE MERLY | F51: I3 | G51: 4 | H51: 4GB | J51: 1 | K51: 1 | L51: i7-135620h | 16GB DDR5| SSD 512GB| 15.6FHD | M51: =VLOOKUP(TabINV2026[[#This Row],[Estado2]],Tabla!$A$2:$B$6,2,FALSE) -> #N/A | N51: BUENA | O51: I7 | P51: 13 | Q51: I7-1360P | R51: LAPTOP | S51: DELL | T51: DELL INSPIRON 16 2-IN-1 | U51: 16GB | V51: 16 GB drr4 3200MHZ | W51: M.2 1024GB | X51: NVME BG6 SN740 1024GB | Y51: 15.6 DELL | Z51: 15.6 DELL
B52: FINANZAS | C52: Cobranzas | D52: COMPUTADORA | E52: Wilmer Amasifuen | F52: I3 | G52: 4 | H52: 8GB | J52: 1 | K52: 1 | L52: I7 12700| PLACA ASUS H610| 16 GB DDR4 (2X8)| KINGSTON 500GB NV3 M.2| CASE HALIO + FUENTE DE PODER 500W| MONITOR SAMSUNG 27" IPS 1080P | M52: =VLOOKUP(TabINV2026[[#This Row],[Estado2]],Tabla!$A$2:$B$6,2,FALSE) -> #N/A | N52: CAMBIO Y VENTA | O52: I5 | P52: 8 | Q52: I5-8265U | R52: LAPTOP | S52: LENOVO | T52: Lenovo ideapad S340-15IWL | U52: 8GB | V52: 8GB DDR4 2400mhz | W52: SATA 240GB | X52: SSD Kingston SA400S37240G 240GB | Y52: 15.6 LENOVO | Z52: 15.6" lenovo | AA52: Mouse genius | AB52: Gambyte | AC52: Mantenimiento - cambio de teclado
E53: HUANCA HUERTO, NICOLA REYMUNDO | F53: I3 | G53: 2 | H53: 4GB | J53: 1 | K53: 1 | L53: i7-135620h | 16GB DDR5| SSD 512GB| 15.6FHD | M53: =VLOOKUP(TabINV2026[[#This Row],[Estado2]],Tabla!$A$2:$B$6,2,FALSE) -> #N/A | N53: VENTA O REPOTENCIAR | O53: I5 | P53: 11 | Q53: I5-11400 | R53: COMPUTADORA | S53: COMPATIBLE | T53: B560M DS3H V2 | U53: 8GB | V53: 8GB DDR4 2600MHZ | W53: M.2 250GB | X53: Kingston SNV250G | Y53: 22 LGI | Z53: 22MK400H-B LG 22" | AA53: Teclado logitech K120, Mouse Logitech | AB53: Estabilizador FVR 902 | AC53: Mantenimiento pc lentitud
C54: Contabilidad | D54: COMPUTADORA | E54: SANCHEZ CAMINO MARIA VALERY | F54: I7 AMD | G54: 5 | H54: 8GB | J54: 1 | K54: 1 | L54: i7-135620h | 16GB DDR5| SSD 512GB| 15.6FHD | M54: =VLOOKUP(TabINV2026[[#This Row],[Estado2]],Tabla!$A$2:$B$6,2,FALSE) -> #N/A | N54: BUENA | O54: I5 | P54: 11 | Q54: I5-11400F | R54: COMPUTADORA | S54: COMPATIBLE | T54: H510M H GIGABYTE | U54: 16GB | V54: 16GB DRR4 3200MHZ | W54: M.2 500GB | X54: Kingston SNV 500GB | Y54: 22 SAMSUNG | Z54: F22T350FHL, Samsung, 22" | AA54: Teclado y Mouse | AB54: Canto Bello 177 | AC54: Si
E55: Beatriz | F55: I7 AMD | G55: 5 | H55: 8GB | J55: 1 | K55: 1 | L55: I7 12700| PLACA ASUS H610| 16 GB DDR4 (2X8)| KINGSTON 500GB NV3 M.2| CASE HALIO + FUENTE DE PODER 500W| MONITOR SAMSUNG 27" IPS 1080P | M55: =VLOOKUP(TabINV2026[[#This Row],[Estado2]],Tabla!$A$2:$B$6,2,FALSE) -> #N/A | N55: VENTA O REPOTENCIAR | O55: I5 | P55: 12 | Q55: I5-1235U | R55: LAPTOP | S55: DELL | T55: Laptop Inspiron 15 | U55: 8GB | V55: 8GB Drr4 3200MHZ | W55: M.2 512GB | X55: SSD 512 Nvme micron | Y55: 15.6 DELL | Z55: Dell inspiron 15 | AA55: Mouse | AB55: FORZA FVR902 | AC55: No
B56: GGHH | C56: RRHH | D56: COMPUTADORA | E56: Tashina | F56: I5 | G56: 4 | H56: 8GB | J56: 1 | K56: 1 | L56: i7-135620h | 16GB DDR5| SSD 512GB| 15.6FHD | M56: =VLOOKUP(TabINV2026[[#This Row],[Estado2]],Tabla!$A$2:$B$6,2,FALSE) -> #N/A | N56: CAMBIO Y VENTA | O56: I3 | P56: 7 | Q56: I3-7100 Intel | R56: COMPUTADORA | S56: COMPATIBLE | T56: H110M-H Gigabyte | U56: 8GB | V56: 8GB 2400 MHZ DRR4 | W56: SATA 240GB | X56: WD 2.5 240GB | Y56: 22 SAMSUNG | Z56: Samsung S22FJ350FHL | AA56: Teclado logitech, mouse logitech | AB56: Estabilizador FVR 1202USB | AC56: PC con polvo futuro mantenimiento
C57: SSOMA | D57: COMPUTADORA | E57: Adrian Gonzales | F57: I3 | G57: 4 | H57: 8GB | J57: 1 | K57: 1 | L57: i7-135620h | 16GB DDR5| SSD 512GB| 15.6FHD | M57: =VLOOKUP(TabINV2026[[#This Row],[Estado2]],Tabla!$A$2:$B$6,2,FALSE) -> #N/A | N57: CAMBIO Y VENTA | O57: I5 | P57: 3 | Q57: I5-3330 | R57: COMPUTADORA | S57: COMPATIBLE | T57: Gigabyte H61M-DS2 | U57: 6GB | V57: 6GB 1333MHZ ddr3 | W57: SATA 240GB | X57: Kingston SA400S37240G 240GB | Y57: 22 LGI | Z57: 22MN430M-B LG 22" | AA57: Teclado teros y mouse genius | AB57: Forza FVR 902 | AC57: Cambio de pc lento
B58: PRODUCCION | C58: Desarrollo | D58: COMPUTADORA | E58: Brissteh Rodriguez | F58: PENTIUM | G58: (en blanco) | H58: 4GB | I58: 1 | K58: 1 | L58: I7 12700| PLACA ASUS H610| 16 GB DDR4 (2X8)| KINGSTON 500GB NV3 M.2| CASE HALIO + FUENTE DE PODER 500W| MONITOR SAMSUNG 27" IPS 1080P | M58: =VLOOKUP(TabINV2026[[#This Row],[Estado2]],Tabla!$A$2:$B$6,2,FALSE) -> #N/A | N58: CAMBIO Y VENTA | O58: I7 | P58: 4 | Q58: I7-4790 | R58: COMPUTADORA | S58: COMPATIBLE | T58: H810M-H Gigabyte | U58: 8GB | V58: 8GB 1600 MHZ DDR3 | W58: SATA 240GB | X58: Gigabyte GP-GSTF31240GNTD | Y58: 19 LGI | Z58: 19M37A-B LG | AA58: Teclado genius, mouse Genius | AB58: Corriente directa | AC58: Mantenimeinto de pc, cambio de teclado y mouse desgaste
A59: Total CAMBIO | I59: 1 | J59: 13 | K59: 14 | L59: i7-135620h | 16GB DDR5| SSD 512GB| 15.6FHD | M59: =VLOOKUP(TabINV2026[[#This Row],[Estado2]],Tabla!$A$2:$B$6,2,FALSE) -> #N/A | N59: COMPRA | O59: I7 | P59: 13 | Q59: I7-1360P | R59: LAPTOP | S59: ASUS | T59: ASUS EXPERTBOOK P1 P1503CVA-S71410 | U59: 16GB | V59: 16GB 5200 MHZ DDR5 | W59: M.2 512GB | X59: NVME 512GB | Y59: 15.6" ASUS | Z59: 15.6" ASUS
A60: 200 | B60: CONTABILIDAD | C60: Finanzas | G60: Gerente de finanzas | H60: Pendiente | I60: COMPRA | J60: Pendiente | K60: Laptop | L60: i7-135620h | 16GB DDR5| SSD 512GB| 15.6FHD | M60: =VLOOKUP(TabINV2026[[#This Row],[Estado2]],Tabla!$A$2:$B$6,2,FALSE) -> #N/A | N60: COMPRA | O60: I7 | P60: 13 | Q60: I7-1360P | R60: LAPTOP | S60: ASUS | T60: ASUS EXPERTBOOK P1 P1503CVA-S71410 | U60: 16GB | V60: 16GB 5200 MHZ DDR5 | W60: M.2 512GB | X60: NVME 512GB | Y60: 15.6" ASUS | Z60: 15.6" ASUS
A61: 200 | B61: SISTEMAS | C61: Sistemas | G61: Jefe de proyectos | H61: Pendiente | I61: COMPRA | J61: Pendiente | K61: PC | L61: I7 12700| PLACA ASUS H610| 16 GB DDR4 (2X8)| KINGSTON 500GB NV3 M.2| CASE HALIO + FUENTE DE PODER 500W| MONITOR SAMSUNG 27" IPS 1080P | M61: =VLOOKUP(TabINV2026[[#This Row],[Estado2]],Tabla!$A$2:$B$6,2,FALSE) -> #N/A | N61: COMPRA | O61: I7
A62: Nuevo local | B62: PRODUCCION | C62: Desarrollo | G62: Asistente de desarrollo de productos | H62: Pendiente | I62: COMPRA | J62: Pendiente | K62: PC | L62: I7 12700| PLACA ASUS H610| 16 GB DDR4 (2X8)| KINGSTON 500GB NV3 M.2| CASE HALIO + FUENTE DE PODER 500W| MONITOR SAMSUNG 27" IPS 1080P | M62: =VLOOKUP(TabINV2026[[#This Row],[Estado2]],Tabla!$A$2:$B$6,2,FALSE) -> #N/A | N62: COMPRA | O62: I7
A63: Nuevo local | B63: PRODUCCION | C63: Desarrollo | G63: Asistente de desarrollo de productos | H63: Pendiente | I63: COMPRA | J63: Pendiente | K63: PC | L63: I7 12700| PLACA ASUS H610| 16 GB DDR4 (2X8)| KINGSTON 500GB NV3 M.2| CASE HALIO + FUENTE DE PODER 500W| MONITOR SAMSUNG 27" IPS 1080P | M63: =VLOOKUP(TabINV2026[[#This Row],[Estado2]],Tabla!$A$2:$B$6,2,FALSE) -> #N/A | N63: COMPRA | O63: I7
A64: Nuevo local | B64: PRODUCCION | C64: Desarrollo | G64: Asistente de desarrollo de productos | H64: Pendiente | I64: COMPRA | J64: Pendiente | K64: PC | L64: I7 12700| PLACA ASUS H610| 16 GB DDR4 (2X8)| KINGSTON 500GB NV3 M.2| CASE HALIO + FUENTE DE PODER 500W| MONITOR SAMSUNG 27" IPS 1080P | M64: =VLOOKUP(TabINV2026[[#This Row],[Estado2]],Tabla!$A$2:$B$6,2,FALSE) -> #N/A | N64: COMPRA | O64: I7
A65: Nuevo local | B65: PRODUCCION | C65: Desarrollo | G65: Coordinador de desarrollo de productos | H65: Pendiente | I65: COMPRA | J65: Pendiente | K65: PC | L65: I7 12700| PLACA ASUS H610| 16 GB DDR4 (2X8)| KINGSTON 500GB NV3 M.2| CASE HALIO + FUENTE DE PODER 500W| MONITOR SAMSUNG 27" IPS 1080P | M65: =VLOOKUP(TabINV2026[[#This Row],[Estado2]],Tabla!$A$2:$B$6,2,FALSE) -> #N/A | N65: COMPRA | O65: I7
A66: Nuevo local | B66: PRODUCCION | C66: Desarrollo | G66: Coordinador de desarrollo de productos | H66: Pendiente | I66: COMPRA | J66: Pendiente | K66: PC | L66: I7 12700| PLACA ASUS H610| 16 GB DDR4 (2X8)| KINGSTON 500GB NV3 M.2| CASE HALIO + FUENTE DE PODER 500W| MONITOR SAMSUNG 27" IPS 1080P | M66: =VLOOKUP(TabINV2026[[#This Row],[Estado2]],Tabla!$A$2:$B$6,2,FALSE) -> #N/A | N66: COMPRA | O66: I7
A67: 177 | B67: LOGISTICA | C67: Operaciones | G67: Jefe de operaciones | H67: Pendiente | I67: COMPRA | J67: Pendiente | K67: Laptop | L67: i7-135620h | 16GB DDR5| SSD 512GB| 15.6FHD | M67: =VLOOKUP(TabINV2026[[#This Row],[Estado2]],Tabla!$A$2:$B$6,2,FALSE) -> #N/A | N67: COMPRA | O67: I7 | P67: 13 | Q67: I7-1360P | R67: LAPTOP | S67: ASUS | T67: ASUS EXPERTBOOK P1 P1503CVA-S71410 | U67: 16GB | V67: 16GB 5200 MHZ DDR5 | W67: M.2 512GB | X67: NVME 512GB | Y67: 15.6" ASUS | Z67: 15.6" ASUS
A68: 177 | B68: LOGISTICA | C68: Distribucion | G68: Asistente de Distribución | H68: Pendiente | I68: COMPRA | J68: Pendiente | K68: PC | L68: I7 12700| PLACA ASUS H610| 16 GB DDR4 (2X8)| KINGSTON 500GB NV3 M.2| CASE HALIO + FUENTE DE PODER 500W| MONITOR SAMSUNG 27" IPS 1080P | M68: =VLOOKUP(TabINV2026[[#This Row],[Estado2]],Tabla!$A$2:$B$6,2,FALSE) -> #N/A | N68: COMPRA | O68: I7
A69: 177 | B69: FINANZAS | C69: Contabilidad | E69: apinedo | F69: Alfonso Pinedo | G69: Asesor Contable | H69: Pendiente | I69: COMPRA | J69: Pendiente | K69: Laptop | L69: i7-135620h | 16GB DDR5| SSD 512GB| 15.6FHD | M69: =VLOOKUP(TabINV2026[[#This Row],[Estado2]],Tabla!$A$2:$B$6,2,FALSE) -> #N/A | N69: COMPRA | O69: I7 | P69: 13 | Q69: I7-1360P | R69: LAPTOP | S69: ASUS | T69: ASUS EXPERTBOOK P1 P1503CVA-S71410 | U69: 16GB | V69: 16GB 5200 MHZ DDR5 | W69: M.2 512GB | X69: NVME 512GB | Y69: 15.6" ASUS | Z69: 15.6" ASUS
A70: 200 | B70: CONTABILIDAD | C70: Contabilidad | D70: LAP-RRHH | E70: acontable | F70: VELA CHUQUIPIO LIDIA MARITZA | G70: Auxiliar Contable | H70: Activo | I70: CAMBIO | K70: LAPTOP | P70: 7 | Q70: I5-7200 | R70: LAPTOP | S70: LENOVO | T70: Laptop lenovo thinkpad E570 | U70: 16GB | V70: 16GB 3200MHZ DDR4 | W70: 240gb Kingston SSD | X70: 240gb Kingston SSD | Y70: 15.6 y 19" | Z70: 15.6 y 19" | AA70: Teclado, apartado de red, Mouse y vga
M71: =VLOOKUP(TabINV2026[[#This Row],[Estado2]],Tabla!$A$2:$B$6,2,FALSE) -> #N/A
A72: 200 | B72: FINANZAS | C72: Contabilidad | D72: LAP-GPCB004 | E72: amendoza | F72: Anthony Mendoza | G72: Responsable | H72: Activo | I72: COMPRA | J72: Pendiente | K72: Laptop | L72: RYZEN 7-7735HS | 16GB DDR5| SSD 512GB| 15.6FHD | M72: =VLOOKUP(TabINV2026[[#This Row],[Estado2]],Tabla!$A$2:$B$6,2,FALSE) -> #N/A | N72: COMPRA | O72: RYZEN 7 | P72: 7 | Q72: RYZEN 7-7735HS | R72: LAPTOP | S72: ASUS | T72: ASUS EXPERTBOOK P1 P1503CVA-S71410 | U72: 16GB | V72: 16GB 5200 MHZ DDR5 | W72: M.2 512GB | X72: NVME 512GB | Y72: 15.6" ASUS | Z72: 15.6" ASUS | AB72: FORZA FVR
A73: 200 | B73: FINANZAS | C73: Cobranzas | D73: LAP-GPCB003 | E73: mluyo | F73: LUISA LUYO | G73: Responsable | H73: Activo | I73: COMPRA | J73: Pendiente | K73: Laptop | L73: RYZEN 7-7735HS | 16GB DDR5| SSD 512GB| 15.6FHD | M73: =VLOOKUP(TabINV2026[[#This Row],[Estado2]],Tabla!$A$2:$B$6,2,FALSE) -> #N/A | N73: COMPRA | O73: RYZEN 7 | P73: 7 | Q73: RYZEN 7-7735HS | R73: LAPTOP | S73: ASUS | T73: ASUS EXPERTBOOK P1 P1503CVA-S71410 | U73: 16GB | V73: 16GB 5200 MHZ DDR5 | W73: M.2 512GB | X73: NVME 512GB | Y73: 15.6" ASUS | Z73: 15.6" ASUS | AB73: FORZA FVR
A74: 200 | B74: LOGISTICA | C74: ALMACEN | D74: LAP-GPCB001 | E74: vhuaman | F74: VICTOR HUAMAN | G74: Lider | H74: Activo | I74: COMPRA | J74: Pendiente | K74: Laptop | L74: RYZEN 7-7735HS | 16GB DDR5| SSD 512GB| 15.6FHD | M74: =VLOOKUP(TabINV2026[[#This Row],[Estado2]],Tabla!$A$2:$B$6,2,FALSE) -> #N/A | N74: COMPRA | O74: RYZEN 7 | P74: 7 | Q74: RYZEN 7-7735HS | R74: LAPTOP | S74: ASUS | T74: ASUS EXPERTBOOK P1 P1503CVA-S71410 | U74: 16GB | V74: 16GB 5200 MHZ DDR5 | W74: M.2 512GB | X74: NVME 512GB | Y74: 15.6" ASUS | Z74: 15.6" ASUS | AB74: FORZA FVR
A75: 177 | G75: Asistente de Almacen | H75: Pendiente | I75: COMPRA | J75: Pendiente | K75: PC | L75: I7 12700| PLACA ASUS H610| 16 GB DDR4 (2X8)| KINGSTON 500GB NV3 M.2| CASE HALIO + FUENTE DE PODER 500W| MONITOR SAMSUNG 27" IPS 1080P | M75: =VLOOKUP(TabINV2026[[#This Row],[Estado2]],Tabla!$A$2:$B$6,2,FALSE) -> #N/A | N75: COMPRA | O75: I7
A76: 200 | B76: FINANZAS | C76: Cobranzas | M76: =VLOOKUP(TabINV2026[[#This Row],[Estado2]],Tabla!$A$2:$B$6,2,FALSE) -> #N/A
M77: =VLOOKUP(TabINV2026[[#This Row],[Estado2]],Tabla!$A$2:$B$6,2,FALSE) -> #N/A
A86: 200 | B86: CONTABILIDAD | C86: Contabilidad | D86: PC-CONTA1 | E86: mvillaverde | F86: Mijail Giovanni Villaverde Dueñas | H86: Activo
A87: 177 | B87: LOGISTICA | C87: Despacho | D87: PC-MARKETING2 | E87: rsapana | F87: Richard Sapan Carlos | H87: Activo
A88: 177 | B88: LOGISTICA | C88: Despacho | D88: LAP-GERENCIA1 | E88: rsapana | F88: Richard Sapan Carlos | H88: Activo
A89: 200 | B89: FINANZAS | C89: Contabilidad | D89: LAP-GPCB002 | E89: amendoza | F89: Anthony Mendoza | G89: Responsable | H89: Activo | I89: COMPRA | J89: Pendiente | K89: Laptop | L89: RYZEN 7-7735HS | 16GB DDR5| SSD 512GB| 15.6FHD | M89: =VLOOKUP(TabINV2026[[#This Row],[Estado2]],Tabla!$A$2:$B$6,2,FALSE) -> #VALUE! | N89: COMPRA | O89: RYZEN 7 | P89: 7 | Q89: RYZEN 7-7735HS | R89: LAPTOP | S89: ASUS | T89: ASUS EXPERTBOOK P1 P1503CVA-S71410 | U89: 16GB | V89: 16GB 5200 MHZ DDR5 | W89: M.2 512GB | X89: NVME 512GB | Y89: 15.6" ASUS | Z89: 15.6" ASUS | AB89: FORZA FVR
A90: 200 | B90: FINANZAS | C90: Cobranzas | D90: LAP-GPCB003 | E90: mluyo | F90: LUISA LUYO | G90: Responsable | H90: Activo | I90: COMPRA | J90: Pendiente | K90: Laptop | L90: RYZEN 7-7735HS | 16GB DDR5| SSD 512GB| 15.6FHD | M90: =VLOOKUP(TabINV2026[[#This Row],[Estado2]],Tabla!$A$2:$B$6,2,FALSE) -> #VALUE! | N90: COMPRA | O90: RYZEN 7 | P90: 7 | Q90: RYZEN 7-7735HS | R90: LAPTOP | S90: ASUS | T90: ASUS EXPERTBOOK P1 P1503CVA-S71410 | U90: 16GB | V90: 16GB 5200 MHZ DDR5 | W90: M.2 512GB | X90: NVME 512GB | Y90: 15.6" ASUS | Z90: 15.6" ASUS | AB90: FORZA FVR
A91: 200 | B91: LOGISTICA | C91: ALMACEN | D91: LAP-GPCB001 | E91: vhuaman | F91: VICTOR HUAMAN | G91: Lider | H91: Activo | I91: COMPRA | J91: Pendiente | K91: Laptop | L91: RYZEN 7-7735HS | 16GB DDR5| SSD 512GB| 15.6FHD | M91: =VLOOKUP(TabINV2026[[#This Row],[Estado2]],Tabla!$A$2:$B$6,2,FALSE) -> #VALUE! | N91: COMPRA | O91: RYZEN 7 | P91: 7 | Q91: RYZEN 7-7735HS | R91: LAPTOP | S91: ASUS | T91: ASUS EXPERTBOOK P1 P1503CVA-S71410 | U91: 16GB | V91: 16GB 5200 MHZ DDR5 | W91: M.2 512GB | X91: NVME 512GB | Y91: 15.6" ASUS | Z91: 15.6" ASUS | AB91: FORZA FVR
A95: 200 | B95: Contabilidad | C95: Merly | D95: PC-CONTA2 | E95: I3-4160 | F95: H81M-H | G95: 4GB ddr3 1600mhz | H95: 240GB WD GREEN | I95: 22MK400H-8 LG 22" | J95: Teclado, Mouse | K95: I5 | L95: 8 | M95: I5-8265U | N95: LAPTOP | O95: LENOVO | P95: Lenovo ideapad S340-15IWL | Q95: 8GB | R95: 8GB DDR4 2400mhz | S95: SATA 240GB | T95: SSD Kingston SA400S37240G 240GB | U95: 15.6 LENOVO | V95: 15.6" lenovo | W95: Mouse genius | X95: Gambyte | Y95: Mantenimiento
A96: 200 | B96: Contabilidad | C96: Valery | D96: Pc-conta5 | E96: Amd a12 9800e radeon r7 | F96: . | G96: 8gb ddr3 | H96: 240GB WD Green | I96: S24R35AFHN Samsung 24" | J96: Mouse y teclado | K96: I5 | L96: 11 | M96: I5-11400 | N96: COMPUTADORA | O96: COMPATIBLE | P96: B560M DS3H V2 | Q96: 8GB | R96: 8GB DDR4 2600MHZ | S96: M.2 250GB | T96: Kingston SNV250G | U96: 22 LGI | V96: 22MK400H-B LG 22" | W96: Teclado logitech K120, Mouse Logitech | X96: Estabilizador FVR 902 | Y96: Mantenimiento pc lentitud
A97: 200 | B97: Contabilidad | C97: Beatriz | D97: PC-CONTA6 | E97: Amd radeon A12-9800 RADEON R7 | F97: . | G97: 8GB DDR3 1600MHZ | H97: Kingston SA400S3240 240GB | I97: 22M38M-B LG 22" | J97: Teclado, Mouse | K97: I5 | L97: 11 | M97: I5-11400F | N97: COMPUTADORA | O97: COMPATIBLE | P97: H510M H GIGABYTE | Q97: 16GB | R97: 16GB DRR4 3200MHZ | S97: M.2 500GB | T97: Kingston SNV 500GB | U97: 22 SAMSUNG | V97: F22T350FHL, Samsung, 22" | W97: Teclado y Mouse | X97: Canto Bello 177 | Y97: Si
A98: 200 | B98: Cobranzas | C98: Carlos | D98: LAP-VENTAS2 | E98: I5-8265U | F98: Laptop lenovo 81n8 | G98: 8GB DDR4 3200MHZ | H98: Kingston SA400S37240G 240GB | I98: 15.6 | J98: Mouse, adaptador vga a hdmi, adaptador ethernet. | K98: I5 | L98: 12 | M98: I5-1235U | N98: LAPTOP | O98: DELL | P98: Laptop Inspiron 15 | Q98: 8GB | R98: 8GB Drr4 3200MHZ | S98: M.2 512GB | T98: SSD 512 Nvme micron | U98: 15.6 DELL | V98: Dell inspiron 15 | W98: Mouse | X98: Canto Bello 177 | Y98: No
A99: 200 | B99: Comercial | C99: Mirian | D99: PC-TDA3 | E99: I3-7100 intel | F99: H110M-H GIGABYTE | G99: 8GB DDR4 3200MHZ | H99: WD GREEN 2.5 240GB | I99: S22F350FHL SAMSUNG 22" | J99: Teclado y mouse
A100: 200 | B100: Comercial | C100: Xiomara | D100: PC-DISTRIBUCION | E100: I5-3330 | F100: . | G100: 6GB DDR3 1333MHZ | H100: Kingston SA400S37240G 240GB | I100: 19M38A LG | J100: Teclado y mouse
A101: 200 | B101: FINANZAS | C101: Cobranzas | D101: LAP-VENTAS2 | E101: acobranzas | F101: Carlos Sanchez | H101: Activo

Sheet Tabla
A1: Estado2 | B1: Valor | C1: total
A2: CAMBIO | B2: 1 | C2: =COUNTIFS(TabINV2026[Estado2],Tabla!A2) -> 12
A3: ACEPTABLE - CAMBIO | B3: 2 | C3: =COUNTIFS(TabINV2026[Estado2],Tabla!A3) -> 12
A4: OPTIMO - REPOTENCIAR | B4: 3 | C4: =COUNTIFS(TabINV2026[Estado2],Tabla!A4) -> 7
A5: BUENA - REPOTENCIAR | B5: 4 | C5: =COUNTIFS(TabINV2026[Estado2],Tabla!A5) -> 1
A6: BUENA | B6: 5 | C6: =COUNTIFS(TabINV2026[Estado2],Tabla!A6) -> 12
C7: =SUM(C2:C6) -> 44

Sheet Hoja1
